compiler,width,height,layout,form,processes,ns_per_call,process_spread_pct,original_over_form_median,original_over_form_min,original_over_form_max,form_over_cpp_median,form_over_cpp_min,form_over_cpp_max,unconditional_over_form_median,unconditional_over_form_min,unconditional_over_form_max
dmd,31,17,contiguous,original,6,342.656,0.294,1.000000,1.000000,1.000000,,,,0.769367,0.768644,0.770992
dmd,31,17,contiguous,selected64,6,308.350,1.305,1.111582,1.099548,1.115259,,,,0.854486,0.846800,0.859856
dmd,31,17,contiguous,vector16store,6,263.581,0.305,1.299771,1.297030,1.300993,,,,1.000000,1.000000,1.000000
dmd,31,17,negative-both,original,6,419.618,5.227,1.000000,1.000000,1.000000,,,,0.823660,0.786172,0.838136
dmd,31,17,negative-both,selected64,6,388.732,4.400,1.082171,1.058913,1.088734,,,,0.888455,0.855932,0.907908
dmd,31,17,negative-both,vector16store,6,345.976,1.977,1.214094,1.193123,1.271986,,,,1.000000,1.000000,1.000000
dmd,31,17,negative-source,original,6,419.517,0.480,1.000000,1.000000,1.000000,,,,0.828057,0.822937,0.957814
dmd,31,17,negative-source,selected64,6,386.620,24.460,1.086133,0.875998,1.090434,,,,0.899468,0.720891,1.041710
dmd,31,17,negative-source,vector16store,6,347.384,16.392,1.207647,1.044044,1.215160,,,,1.000000,1.000000,1.000000
dmd,31,17,padded,original,6,414.487,1.553,1.000000,1.000000,1.000000,,,,0.825673,0.813519,0.830015
dmd,31,17,padded,selected64,6,384.507,25.798,1.079673,0.859349,1.095588,,,,0.890727,0.711603,0.893361
dmd,31,17,padded,vector16store,6,342.656,0.881,1.211144,1.204798,1.229228,,,,1.000000,1.000000,1.000000
dmd,31,17,repeated-source,original,6,415.091,1.018,1.000000,1.000000,1.000000,,,,0.821853,0.817126,0.832443
dmd,31,17,repeated-source,selected64,6,420.322,26.903,0.991768,0.840065,1.095615,,,,0.819014,0.699306,0.896771
dmd,31,17,repeated-source,vector16store,6,340.946,1.475,1.216773,1.201284,1.223801,,,,1.000000,1.000000,1.000000
dmd,31,17,universal,original,6,4569.920,7.379,1.000000,1.000000,1.000000,,,,1.004129,0.965890,1.024669
dmd,31,17,universal,selected64,6,4682.495,9.857,0.995529,0.938954,1.014130,,,,0.977925,0.948636,1.016752
dmd,31,17,universal,vector16store,6,4613.179,3.930,0.995926,0.975924,1.035315,,,,1.000000,1.000000,1.000000
dmd,256,128,contiguous,original,6,17900.000,34.497,1.000000,1.000000,1.000000,,,,0.342298,0.255584,0.344033
dmd,256,128,contiguous,selected64,6,6337.500,0.986,2.825444,2.818898,3.767123,,,,0.967424,0.962818,0.972387
dmd,256,128,contiguous,vector16store,6,6131.250,0.612,2.921429,2.906694,3.912602,,,,1.000000,1.000000,1.000000
dmd,256,128,negative-both,original,6,17987.500,0.278,1.000000,1.000000,1.000000,,,,0.352900,0.351182,0.357192
dmd,256,128,negative-both,selected64,6,6543.750,4.967,2.748809,2.636197,2.760077,,,,0.969349,0.939671,0.982792
dmd,256,128,negative-both,vector16store,6,6350.000,1.772,2.833661,2.799611,2.847525,,,,1.000000,1.000000,1.000000
dmd,256,128,negative-source,original,6,17987.500,17.582,1.000000,1.000000,1.000000,,,,0.349201,0.296099,0.351633
dmd,256,128,negative-source,selected64,6,6493.750,2.887,2.769994,2.699812,3.266409,,,,0.966216,0.947467,0.969349
dmd,256,128,negative-source,vector16store,6,6287.500,1.193,2.863752,2.843874,3.377246,,,,1.000000,1.000000,1.000000
dmd,256,128,padded,original,6,17975.000,0.209,1.000000,1.000000,1.000000,,,,0.347357,0.345619,0.350487
dmd,256,128,padded,selected64,6,6481.250,4.050,2.776309,2.692884,2.803119,,,,0.965350,0.943820,0.972710
dmd,256,128,padded,vector16store,6,6243.750,1.401,2.878882,2.853175,2.893360,,,,1.000000,1.000000,1.000000
dmd,256,128,repeated-source,original,6,17975.000,0.417,1.000000,1.000000,1.000000,,,,0.345739,0.344421,0.347705
dmd,256,128,repeated-source,selected64,6,6425.000,3.502,2.796693,2.708098,2.807393,,,,0.966926,0.941620,0.968872
dmd,256,128,repeated-source,vector16store,6,6218.750,0.603,2.892354,2.876000,2.903421,,,,1.000000,1.000000,1.000000
dmd,256,128,universal,original,6,276912.500,14.386,1.000000,1.000000,1.000000,,,,0.995359,0.920967,1.026876
dmd,256,128,universal,selected64,6,277118.750,6.369,1.011450,0.979757,1.086239,,,,1.004993,0.973617,1.036524
dmd,256,128,universal,vector16store,6,278587.500,5.703,1.004665,0.973827,1.085816,,,,1.000000,1.000000,1.000000
dmd,2048,512,contiguous,original,6,890237.500,5.330,1.000000,1.000000,1.000000,,,,0.225005,0.220371,0.278850
dmd,2048,512,contiguous,selected64,6,247818.750,49.093,3.605602,2.794940,4.411940,,,,0.964639,0.615925,1.019519
dmd,2048,512,contiguous,vector16store,6,198212.500,30.605,4.444351,3.586161,4.537795,,,,1.000000,1.000000,1.000000
dmd,2048,512,negative-both,original,6,892181.250,9.963,1.000000,1.000000,1.000000,,,,0.282513,0.234122,0.381529
dmd,2048,512,negative-both,selected64,6,207775.000,22.055,4.214947,3.700095,4.366864,,,,1.204774,0.998781,1.592698
dmd,2048,512,negative-both,vector16store,6,256625.000,56.142,3.608369,2.621034,4.271277,,,,1.000000,1.000000,1.000000
dmd,2048,512,negative-source,original,6,887787.500,8.513,1.000000,1.000000,1.000000,,,,0.260231,0.226186,0.386163
dmd,2048,512,negative-source,selected64,6,205581.250,4.791,4.283067,4.133690,4.572838,,,,1.144661,0.976685,1.646275
dmd,2048,512,negative-source,vector16store,6,232518.750,61.893,3.870885,2.589578,4.421140,,,,1.000000,1.000000,1.000000
dmd,2048,512,padded,original,6,890637.500,2.865,1.000000,1.000000,1.000000,,,,0.241617,0.222592,0.294253
dmd,2048,512,padded,selected64,6,203300.000,47.104,4.394917,3.050266,4.510136,,,,0.992818,0.762152,1.327122
dmd,2048,512,padded,vector16store,6,216037.500,32.228,4.149594,3.398435,4.492521,,,,1.000000,1.000000,1.000000
dmd,2048,512,repeated-source,original,6,890156.250,6.740,1.000000,1.000000,1.000000,,,,0.224490,0.222739,0.340115
dmd,2048,512,repeated-source,selected64,6,201362.500,41.542,4.372187,3.337264,4.556486,,,,1.011333,0.743339,1.235889
dmd,2048,512,repeated-source,vector16store,6,203806.250,55.003,4.454543,2.940181,4.489556,,,,1.000000,1.000000,1.000000
dmd,2048,512,universal,original,6,9031306.250,6.329,1.000000,1.000000,1.000000,,,,1.000412,0.970943,1.014963
dmd,2048,512,universal,selected64,6,8992900.000,6.308,0.999871,0.990380,1.034387,,,,1.002034,0.991994,1.010500
dmd,2048,512,universal,vector16store,6,8976356.250,6.477,0.999590,0.985257,1.029926,,,,1.000000,1.000000,1.000000
ldc2,31,17,contiguous,original,6,95.473,0.632,1.000000,1.000000,1.000000,,,,1.003156,0.997904,1.006329
ldc2,31,17,contiguous,selected64,6,95.372,0.633,1.000000,1.000000,1.002110,,,,1.003165,0.997904,1.006329
ldc2,31,17,contiguous,vector16store,6,95.775,0.630,0.996855,0.993711,1.002101,,,,1.000000,1.000000,1.000000
ldc2,31,17,negative-both,original,6,266.298,2.418,1.000000,1.000000,1.000000,,,,0.997367,0.995458,1.000000
ldc2,31,17,negative-both,selected64,6,266.197,2.343,1.001895,0.998491,1.007628,,,,0.999997,0.996221,1.003051
ldc2,31,17,negative-both,vector16store,6,265.594,2.273,1.002641,1.000000,1.004563,,,,1.000000,1.000000,1.000000
ldc2,31,17,negative-source,original,6,264.185,2.589,1.000000,1.000000,1.000000,,,,0.996888,0.968963,1.009992
ldc2,31,17,negative-source,selected64,6,263.179,3.976,1.003852,0.971342,1.031373,,,,1.002283,0.964555,1.021176
ldc2,31,17,negative-source,vector16store,6,262.978,3.826,1.003137,0.990107,1.032031,,,,1.000000,1.000000,1.000000
ldc2,31,17,padded,original,6,129.980,4.025,1.000000,1.000000,1.000000,,,,0.997674,0.996894,1.003096
ldc2,31,17,padded,selected64,6,129.779,4.031,1.001550,0.996899,1.003115,,,,1.000000,0.995349,1.004651
ldc2,31,17,padded,vector16store,6,129.577,4.037,1.002332,0.996914,1.003115,,,,1.000000,1.000000,1.000000
ldc2,31,17,repeated-source,original,6,128.974,1.872,1.000000,1.000000,1.000000,,,,0.998454,0.996899,1.001560
ldc2,31,17,repeated-source,selected64,6,129.276,1.712,0.998447,0.996890,1.001534,,,,0.998442,0.995356,1.000000
ldc2,31,17,repeated-source,vector16store,6,129.175,1.869,1.001548,0.998442,1.003110,,,,1.000000,1.000000,1.000000
ldc2,31,17,universal,original,6,1227.666,2.803,1.000000,1.000000,1.000000,,,,0.997134,0.986660,1.386695
ldc2,31,17,universal,selected64,6,1228.571,3.701,0.996183,0.973520,1.009432,,,,0.995652,0.983814,1.349976
ldc2,31,17,universal,vector16store,6,1221.932,39.634,1.002888,0.721139,1.013520,,,,1.000000,1.000000,1.000000
ldc2,256,128,contiguous,original,6,2868.750,222.222,1.000000,1.000000,1.000000,,,,1.000000,0.309878,1.004367
ldc2,256,128,contiguous,selected64,6,2862.500,0.873,1.000000,1.000000,3.199134,,,,1.000000,0.991342,1.004367
ldc2,256,128,contiguous,vector16store,6,2868.750,0.436,1.000000,0.995652,3.227074,,,,1.000000,1.000000,1.000000
ldc2,256,128,negative-both,original,6,13462.500,3.250,1.000000,1.000000,1.000000,,,,1.001394,0.973098,1.025665
ldc2,256,128,negative-both,selected64,6,13518.750,4.438,0.985410,0.966024,1.028544,,,,0.994478,0.978102,1.028544
ldc2,256,128,negative-both,vector16store,6,13443.750,2.975,0.998610,0.974977,1.027645,,,,1.000000,1.000000,1.000000
ldc2,256,128,negative-source,original,6,13006.250,2.114,1.000000,1.000000,1.000000,,,,1.000029,0.986742,1.007707
ldc2,256,128,negative-source,selected64,6,13043.750,15.716,0.995685,0.877295,1.013436,,,,1.000478,0.873957,1.004836
ldc2,256,128,negative-source,vector16store,6,13006.250,1.153,0.999985,0.992352,1.013436,,,,1.000000,1.000000,1.000000
ldc2,256,128,padded,original,6,2968.750,0.842,1.000000,1.000000,1.000000,,,,0.997899,0.991632,1.000000
ldc2,256,128,padded,selected64,6,2962.500,0.844,1.000000,0.991632,1.008439,,,,1.000000,0.991632,1.000000
ldc2,256,128,padded,vector16store,6,2962.500,0.000,1.002110,1.000000,1.008439,,,,1.000000,1.000000,1.000000
ldc2,256,128,repeated-source,original,6,2937.500,0.426,1.000000,1.000000,1.000000,,,,1.000000,1.000000,1.000000
ldc2,256,128,repeated-source,selected64,6,2937.500,0.426,1.000000,0.995763,1.004255,,,,1.000000,0.995763,1.004255
ldc2,256,128,repeated-source,vector16store,6,2937.500,0.426,1.000000,1.000000,1.000000,,,,1.000000,1.000000,1.000000
ldc2,256,128,universal,original,6,74431.250,1.058,1.000000,1.000000,1.000000,,,,1.000925,0.988758,1.036981
ldc2,256,128,universal,selected64,6,74662.500,2.059,0.996733,0.983590,1.008460,,,,0.997056,0.995308,1.029883
ldc2,256,128,universal,vector16store,6,74737.500,4.616,0.999077,0.964338,1.011369,,,,1.000000,1.000000,1.000000
ldc2,2048,512,contiguous,original,6,94143.750,5.045,1.000000,1.000000,1.000000,,,,1.003739,0.993115,1.095038
ldc2,2048,512,contiguous,selected64,6,94418.750,5.772,0.991914,0.982577,1.007291,,,,0.997813,0.992458,1.075959
ldc2,2048,512,contiguous,vector16store,6,94112.500,14.384,0.996276,0.913211,1.006932,,,,1.000000,1.000000,1.000000
ldc2,2048,512,negative-both,original,6,438800.000,6.452,1.000000,1.000000,1.000000,,,,0.998652,0.978741,1.015168
ldc2,2048,512,negative-both,selected64,6,441287.500,5.903,1.000719,0.981516,1.010021,,,,0.998403,0.984091,1.009452
ldc2,2048,512,negative-both,vector16store,6,443143.750,4.381,1.001350,0.985058,1.021721,,,,1.000000,1.000000,1.000000
ldc2,2048,512,negative-source,original,6,430262.500,4.712,1.000000,1.000000,1.000000,,,,1.002673,0.987276,1.011164
ldc2,2048,512,negative-source,selected64,6,430931.250,2.663,0.997096,0.993283,1.025819,,,,1.001772,0.985715,1.012766
ldc2,2048,512,negative-source,vector16store,6,432043.750,2.879,0.997335,0.988959,1.012888,,,,1.000000,1.000000,1.000000
ldc2,2048,512,padded,original,6,95181.250,5.332,1.000000,1.000000,1.000000,,,,1.004736,0.964519,1.010436
ldc2,2048,512,padded,selected64,6,95643.750,2.731,0.997310,0.989807,1.022433,,,,0.999151,0.986156,1.007508
ldc2,2048,512,padded,vector16store,6,95625.000,0.850,0.995296,0.989672,1.036787,,,,1.000000,1.000000,1.000000
ldc2,2048,512,repeated-source,original,6,94193.750,2.336,1.000000,1.000000,1.000000,,,,1.005519,0.981110,1.031569
ldc2,2048,512,repeated-source,selected64,6,94668.750,9.758,0.993268,0.924478,1.020202,,,,1.000531,0.941962,1.024638
ldc2,2048,512,repeated-source,vector16store,6,94537.500,3.477,0.994513,0.969397,1.019254,,,,1.000000,1.000000,1.000000
ldc2,2048,512,universal,original,6,2440768.750,13.294,1.000000,1.000000,1.000000,,,,1.001650,0.920627,1.005204
ldc2,2048,512,universal,selected64,6,2443268.750,5.693,0.998740,0.989540,1.070039,,,,0.998103,0.985106,1.001883
ldc2,2048,512,universal,vector16store,6,2436568.750,4.265,0.998353,0.994823,1.086217,,,,1.000000,1.000000,1.000000
