TIME	3	31	17	contiguous	0	0	0	4096	2036400	1997261506451498127
TIME	3	31	17	contiguous	0	1	1	4096	3213700	1997261506451498127
TIME	3	31	17	contiguous	0	2	2	4096	2578200	1997261506451498127
TIME	3	31	17	contiguous	1	0	1	4096	4003900	1997261506451498127
TIME	3	31	17	contiguous	1	1	2	4096	2627300	1997261506451498127
TIME	3	31	17	contiguous	1	2	0	4096	2172300	1997261506451498127
TIME	3	31	17	contiguous	2	0	2	4096	2250300	1997261506451498127
TIME	3	31	17	contiguous	2	1	0	4096	2095900	1997261506451498127
TIME	3	31	17	contiguous	2	2	1	4096	3340300	1997261506451498127
TIME	3	31	17	contiguous	3	0	0	4096	2231700	1997261506451498127
TIME	3	31	17	contiguous	3	1	1	4096	3272900	1997261506451498127
TIME	3	31	17	contiguous	3	2	2	4096	2261000	1997261506451498127
TIME	3	31	17	contiguous	4	0	1	4096	3166300	1997261506451498127
TIME	3	31	17	contiguous	4	1	2	4096	2200700	1997261506451498127
TIME	3	31	17	contiguous	4	2	0	4096	1994100	1997261506451498127
TIME	3	31	17	contiguous	5	0	2	4096	2206200	1997261506451498127
TIME	3	31	17	contiguous	5	1	0	4096	2181000	1997261506451498127
TIME	3	31	17	contiguous	5	2	1	4096	3228700	1997261506451498127
TIME	3	31	17	contiguous	6	0	0	4096	2010100	1997261506451498127
TIME	3	31	17	contiguous	6	1	1	4096	3153300	1997261506451498127
TIME	3	31	17	contiguous	6	2	2	4096	2204000	1997261506451498127
TIME	3	31	17	contiguous	7	0	1	4096	3167400	1997261506451498127
TIME	3	31	17	contiguous	7	1	2	4096	2444500	1997261506451498127
TIME	3	31	17	contiguous	7	2	0	4096	2251700	1997261506451498127
TIME	3	31	17	contiguous	8	0	2	4096	2282100	1997261506451498127
TIME	3	31	17	contiguous	8	1	0	4096	2069500	1997261506451498127
TIME	3	31	17	contiguous	8	2	1	4096	3224500	1997261506451498127
TIME	3	31	17	padded	0	0	0	4096	2959000	6493053110747192463
TIME	3	31	17	padded	0	1	1	4096	3639000	6493053110747192463
TIME	3	31	17	padded	0	2	2	4096	2742700	6493053110747192463
TIME	3	31	17	padded	1	0	1	4096	3688500	6493053110747192463
TIME	3	31	17	padded	1	1	2	4096	2699200	6493053110747192463
TIME	3	31	17	padded	1	2	0	4096	2978800	6493053110747192463
TIME	3	31	17	padded	2	0	2	4096	2621700	6493053110747192463
TIME	3	31	17	padded	2	1	0	4096	2948000	6493053110747192463
TIME	3	31	17	padded	2	2	1	4096	3572700	6493053110747192463
TIME	3	31	17	padded	3	0	0	4096	2951600	6493053110747192463
TIME	3	31	17	padded	3	1	1	4096	3557300	6493053110747192463
TIME	3	31	17	padded	3	2	2	4096	2612900	6493053110747192463
TIME	3	31	17	padded	4	0	1	4096	3651800	6493053110747192463
TIME	3	31	17	padded	4	1	2	4096	2615200	6493053110747192463
TIME	3	31	17	padded	4	2	0	4096	2935500	6493053110747192463
TIME	3	31	17	padded	5	0	2	4096	2609600	6493053110747192463
TIME	3	31	17	padded	5	1	0	4096	2936200	6493053110747192463
TIME	3	31	17	padded	5	2	1	4096	3699700	6493053110747192463
TIME	3	31	17	padded	6	0	0	4096	3112600	6493053110747192463
TIME	3	31	17	padded	6	1	1	4096	3696400	6493053110747192463
TIME	3	31	17	padded	6	2	2	4096	2680000	6493053110747192463
TIME	3	31	17	padded	7	0	1	4096	3576200	6493053110747192463
TIME	3	31	17	padded	7	1	2	4096	2620500	6493053110747192463
TIME	3	31	17	padded	7	2	0	4096	3149400	6493053110747192463
TIME	3	31	17	padded	8	0	2	4096	2614700	6493053110747192463
TIME	3	31	17	padded	8	1	0	4096	2936000	6493053110747192463
TIME	3	31	17	padded	8	2	1	4096	3555700	6493053110747192463
TIME	3	31	17	negative-source	0	0	0	4096	2943000	6493053110747192463
TIME	3	31	17	negative-source	0	1	1	4096	3857900	6493053110747192463
TIME	3	31	17	negative-source	0	2	2	4096	2699200	6493053110747192463
TIME	3	31	17	negative-source	1	0	1	4096	3681900	6493053110747192463
TIME	3	31	17	negative-source	1	1	2	4096	2665000	6493053110747192463
TIME	3	31	17	negative-source	1	2	0	4096	2977800	6493053110747192463
TIME	3	31	17	negative-source	2	0	2	4096	2713800	6493053110747192463
TIME	3	31	17	negative-source	2	1	0	4096	2946600	6493053110747192463
TIME	3	31	17	negative-source	2	2	1	4096	3527900	6493053110747192463
TIME	3	31	17	negative-source	3	0	0	4096	2945600	6493053110747192463
TIME	3	31	17	negative-source	3	1	1	4096	3532000	6493053110747192463
TIME	3	31	17	negative-source	3	2	2	4096	2621900	6493053110747192463
TIME	3	31	17	negative-source	4	0	1	4096	3584600	6493053110747192463
TIME	3	31	17	negative-source	4	1	2	4096	2620100	6493053110747192463
TIME	3	31	17	negative-source	4	2	0	4096	2945700	6493053110747192463
TIME	3	31	17	negative-source	5	0	2	4096	2618700	6493053110747192463
TIME	3	31	17	negative-source	5	1	0	4096	2946500	6493053110747192463
TIME	3	31	17	negative-source	5	2	1	4096	3650200	6493053110747192463
TIME	3	31	17	negative-source	6	0	0	4096	3126600	6493053110747192463
TIME	3	31	17	negative-source	6	1	1	4096	3609900	6493053110747192463
TIME	3	31	17	negative-source	6	2	2	4096	2659800	6493053110747192463
TIME	3	31	17	negative-source	7	0	1	4096	3767300	6493053110747192463
TIME	3	31	17	negative-source	7	1	2	4096	3251600	6493053110747192463
TIME	3	31	17	negative-source	7	2	0	4096	2949700	6493053110747192463
TIME	3	31	17	negative-source	8	0	2	4096	2623200	6493053110747192463
TIME	3	31	17	negative-source	8	1	0	4096	2945500	6493053110747192463
TIME	3	31	17	negative-source	8	2	1	4096	3523800	6493053110747192463
TIME	3	31	17	negative-both	0	0	0	4096	2960600	12127473997393222799
TIME	3	31	17	negative-both	0	1	1	4096	3632100	12127473997393222799
TIME	3	31	17	negative-both	0	2	2	4096	2633500	12127473997393222799
TIME	3	31	17	negative-both	1	0	1	4096	3530200	12127473997393222799
TIME	3	31	17	negative-both	1	1	2	4096	2632500	12127473997393222799
TIME	3	31	17	negative-both	1	2	0	4096	2960700	12127473997393222799
TIME	3	31	17	negative-both	2	0	2	4096	2711600	12127473997393222799
TIME	3	31	17	negative-both	2	1	0	4096	3033600	12127473997393222799
TIME	3	31	17	negative-both	2	2	1	4096	3663900	12127473997393222799
TIME	3	31	17	negative-both	3	0	0	4096	3019700	12127473997393222799
TIME	3	31	17	negative-both	3	1	1	4096	3584000	12127473997393222799
TIME	3	31	17	negative-both	3	2	2	4096	2671500	12127473997393222799
TIME	3	31	17	negative-both	4	0	1	4096	3759700	12127473997393222799
TIME	3	31	17	negative-both	4	1	2	4096	2775800	12127473997393222799
TIME	3	31	17	negative-both	4	2	0	4096	3026200	12127473997393222799
TIME	3	31	17	negative-both	5	0	2	4096	2704300	12127473997393222799
TIME	3	31	17	negative-both	5	1	0	4096	2991700	12127473997393222799
TIME	3	31	17	negative-both	5	2	1	4096	3544200	12127473997393222799
TIME	3	31	17	negative-both	6	0	0	4096	2962600	12127473997393222799
TIME	3	31	17	negative-both	6	1	1	4096	3539500	12127473997393222799
TIME	3	31	17	negative-both	6	2	2	4096	2631100	12127473997393222799
TIME	3	31	17	negative-both	7	0	1	4096	3539200	12127473997393222799
TIME	3	31	17	negative-both	7	1	2	4096	2636100	12127473997393222799
TIME	3	31	17	negative-both	7	2	0	4096	2961500	12127473997393222799
TIME	3	31	17	negative-both	8	0	2	4096	2631000	12127473997393222799
TIME	3	31	17	negative-both	8	1	0	4096	2955000	12127473997393222799
TIME	3	31	17	negative-both	8	2	1	4096	3540600	12127473997393222799
TIME	3	31	17	universal	0	0	0	4096	28865600	10497885831614451383
TIME	3	31	17	universal	0	1	1	4096	27868500	10497885831614451383
TIME	3	31	17	universal	0	2	2	4096	28037300	10497885831614451383
TIME	3	31	17	universal	1	0	1	4096	27860300	10497885831614451383
TIME	3	31	17	universal	1	1	2	4096	27940000	10497885831614451383
TIME	3	31	17	universal	1	2	0	4096	29095300	10497885831614451383
TIME	3	31	17	universal	2	0	2	4096	28166000	10497885831614451383
TIME	3	31	17	universal	2	1	0	4096	27821500	10497885831614451383
TIME	3	31	17	universal	2	2	1	4096	26673400	10497885831614451383
TIME	3	31	17	universal	3	0	0	4096	27818000	10497885831614451383
TIME	3	31	17	universal	3	1	1	4096	26673200	10497885831614451383
TIME	3	31	17	universal	3	2	2	4096	28225300	10497885831614451383
TIME	3	31	17	universal	4	0	1	4096	29197600	10497885831614451383
TIME	3	31	17	universal	4	1	2	4096	28561100	10497885831614451383
TIME	3	31	17	universal	4	2	0	4096	28531800	10497885831614451383
TIME	3	31	17	universal	5	0	2	4096	29039800	10497885831614451383
TIME	3	31	17	universal	5	1	0	4096	28887100	10497885831614451383
TIME	3	31	17	universal	5	2	1	4096	28576400	10497885831614451383
TIME	3	31	17	universal	6	0	0	4096	28881000	10497885831614451383
TIME	3	31	17	universal	6	1	1	4096	30833200	10497885831614451383
TIME	3	31	17	universal	6	2	2	4096	37773900	10497885831614451383
TIME	3	31	17	universal	7	0	1	4096	28085400	10497885831614451383
TIME	3	31	17	universal	7	1	2	4096	29123900	10497885831614451383
TIME	3	31	17	universal	7	2	0	4096	29277300	10497885831614451383
TIME	3	31	17	universal	8	0	2	4096	28881800	10497885831614451383
TIME	3	31	17	universal	8	1	0	4096	29509400	10497885831614451383
TIME	3	31	17	universal	8	2	1	4096	28532300	10497885831614451383
TIME	3	31	17	repeated-source	0	0	0	4096	2990600	10620832352286596239
TIME	3	31	17	repeated-source	0	1	1	4096	3599800	10620832352286596239
TIME	3	31	17	repeated-source	0	2	2	4096	2653700	10620832352286596239
TIME	3	31	17	repeated-source	1	0	1	4096	3823500	10620832352286596239
TIME	3	31	17	repeated-source	1	1	2	4096	2695800	10620832352286596239
TIME	3	31	17	repeated-source	1	2	0	4096	3255300	10620832352286596239
TIME	3	31	17	repeated-source	2	0	2	4096	2655600	10620832352286596239
TIME	3	31	17	repeated-source	2	1	0	4096	3034900	10620832352286596239
TIME	3	31	17	repeated-source	2	2	1	4096	3967600	10620832352286596239
TIME	3	31	17	repeated-source	3	0	0	4096	3152200	10620832352286596239
TIME	3	31	17	repeated-source	3	1	1	4096	3866200	10620832352286596239
TIME	3	31	17	repeated-source	3	2	2	4096	2716500	10620832352286596239
TIME	3	31	17	repeated-source	4	0	1	4096	3650300	10620832352286596239
TIME	3	31	17	repeated-source	4	1	2	4096	2813300	10620832352286596239
TIME	3	31	17	repeated-source	4	2	0	4096	2997100	10620832352286596239
TIME	3	31	17	repeated-source	5	0	2	4096	2666600	10620832352286596239
TIME	3	31	17	repeated-source	5	1	0	4096	2996000	10620832352286596239
TIME	3	31	17	repeated-source	5	2	1	4096	3596600	10620832352286596239
TIME	3	31	17	repeated-source	6	0	0	4096	3201500	10620832352286596239
TIME	3	31	17	repeated-source	6	1	1	4096	3724800	10620832352286596239
TIME	3	31	17	repeated-source	6	2	2	4096	2688500	10620832352286596239
TIME	3	31	17	repeated-source	7	0	1	4096	3687800	10620832352286596239
TIME	3	31	17	repeated-source	7	1	2	4096	2676400	10620832352286596239
TIME	3	31	17	repeated-source	7	2	0	4096	3051000	10620832352286596239
TIME	3	31	17	repeated-source	8	0	2	4096	2658500	10620832352286596239
TIME	3	31	17	repeated-source	8	1	0	4096	3001800	10620832352286596239
TIME	3	31	17	repeated-source	8	2	1	4096	3598200	10620832352286596239
TIME	3	256	128	contiguous	0	0	0	256	6377900	10294141164518985661
TIME	3	256	128	contiguous	0	1	1	256	14104500	10294141164518985661
TIME	3	256	128	contiguous	0	2	2	256	2815600	10294141164518985661
TIME	3	256	128	contiguous	1	0	1	256	14190700	10294141164518985661
TIME	3	256	128	contiguous	1	1	2	256	2750500	10294141164518985661
TIME	3	256	128	contiguous	1	2	0	256	6428900	10294141164518985661
TIME	3	256	128	contiguous	2	0	2	256	2736500	10294141164518985661
TIME	3	256	128	contiguous	2	1	0	256	6648600	10294141164518985661
TIME	3	256	128	contiguous	2	2	1	256	14208200	10294141164518985661
TIME	3	256	128	contiguous	3	0	0	256	6676700	10294141164518985661
TIME	3	256	128	contiguous	3	1	1	256	14336100	10294141164518985661
TIME	3	256	128	contiguous	3	2	2	256	2750500	10294141164518985661
TIME	3	256	128	contiguous	4	0	1	256	13958300	10294141164518985661
TIME	3	256	128	contiguous	4	1	2	256	2695900	10294141164518985661
TIME	3	256	128	contiguous	4	2	0	256	6420100	10294141164518985661
TIME	3	256	128	contiguous	5	0	2	256	2792800	10294141164518985661
TIME	3	256	128	contiguous	5	1	0	256	6524900	10294141164518985661
TIME	3	256	128	contiguous	5	2	1	256	14242300	10294141164518985661
TIME	3	256	128	contiguous	6	0	0	256	6499000	10294141164518985661
TIME	3	256	128	contiguous	6	1	1	256	13966900	10294141164518985661
TIME	3	256	128	contiguous	6	2	2	256	2701700	10294141164518985661
TIME	3	256	128	contiguous	7	0	1	256	14074800	10294141164518985661
TIME	3	256	128	contiguous	7	1	2	256	2873500	10294141164518985661
TIME	3	256	128	contiguous	7	2	0	256	6436700	10294141164518985661
TIME	3	256	128	contiguous	8	0	2	256	2695400	10294141164518985661
TIME	3	256	128	contiguous	8	1	0	256	6377500	10294141164518985661
TIME	3	256	128	contiguous	8	2	1	256	13814400	10294141164518985661
TIME	3	256	128	padded	0	0	0	256	8632600	10201906116227412285
TIME	3	256	128	padded	0	1	1	256	14059300	10201906116227412285
TIME	3	256	128	padded	0	2	2	256	2663600	10201906116227412285
TIME	3	256	128	padded	1	0	1	256	13770100	10201906116227412285
TIME	3	256	128	padded	1	1	2	256	2664300	10201906116227412285
TIME	3	256	128	padded	1	2	0	256	8395500	10201906116227412285
TIME	3	256	128	padded	2	0	2	256	2660700	10201906116227412285
TIME	3	256	128	padded	2	1	0	256	8385000	10201906116227412285
TIME	3	256	128	padded	2	2	1	256	14200600	10201906116227412285
TIME	3	256	128	padded	3	0	0	256	9403500	10201906116227412285
TIME	3	256	128	padded	3	1	1	256	14215100	10201906116227412285
TIME	3	256	128	padded	3	2	2	256	2717600	10201906116227412285
TIME	3	256	128	padded	4	0	1	256	13886100	10201906116227412285
TIME	3	256	128	padded	4	1	2	256	2738600	10201906116227412285
TIME	3	256	128	padded	4	2	0	256	8537900	10201906116227412285
TIME	3	256	128	padded	5	0	2	256	2741300	10201906116227412285
TIME	3	256	128	padded	5	1	0	256	8628600	10201906116227412285
TIME	3	256	128	padded	5	2	1	256	13999000	10201906116227412285
TIME	3	256	128	padded	6	0	0	256	8551500	10201906116227412285
TIME	3	256	128	padded	6	1	1	256	14036800	10201906116227412285
TIME	3	256	128	padded	6	2	2	256	2724300	10201906116227412285
TIME	3	256	128	padded	7	0	1	256	13962100	10201906116227412285
TIME	3	256	128	padded	7	1	2	256	2778400	10201906116227412285
TIME	3	256	128	padded	7	2	0	256	8689300	10201906116227412285
TIME	3	256	128	padded	8	0	2	256	2749400	10201906116227412285
TIME	3	256	128	padded	8	1	0	256	8703100	10201906116227412285
TIME	3	256	128	padded	8	2	1	256	14096300	10201906116227412285
TIME	3	256	128	negative-source	0	0	0	256	8790100	10201906116227412285
TIME	3	256	128	negative-source	0	1	1	256	14582900	10201906116227412285
TIME	3	256	128	negative-source	0	2	2	256	2778100	10201906116227412285
TIME	3	256	128	negative-source	1	0	1	256	14321400	10201906116227412285
TIME	3	256	128	negative-source	1	1	2	256	2887500	10201906116227412285
TIME	3	256	128	negative-source	1	2	0	256	9264300	10201906116227412285
TIME	3	256	128	negative-source	2	0	2	256	2916500	10201906116227412285
TIME	3	256	128	negative-source	2	1	0	256	8671500	10201906116227412285
TIME	3	256	128	negative-source	2	2	1	256	14686100	10201906116227412285
TIME	3	256	128	negative-source	3	0	0	256	8698900	10201906116227412285
TIME	3	256	128	negative-source	3	1	1	256	14136100	10201906116227412285
TIME	3	256	128	negative-source	3	2	2	256	2780700	10201906116227412285
TIME	3	256	128	negative-source	4	0	1	256	14368600	10201906116227412285
TIME	3	256	128	negative-source	4	1	2	256	2875000	10201906116227412285
TIME	3	256	128	negative-source	4	2	0	256	9041000	10201906116227412285
TIME	3	256	128	negative-source	5	0	2	256	3316000	10201906116227412285
TIME	3	256	128	negative-source	5	1	0	256	8969200	10201906116227412285
TIME	3	256	128	negative-source	5	2	1	256	14724900	10201906116227412285
TIME	3	256	128	negative-source	6	0	0	256	8720600	10201906116227412285
TIME	3	256	128	negative-source	6	1	1	256	14277800	10201906116227412285
TIME	3	256	128	negative-source	6	2	2	256	2805300	10201906116227412285
TIME	3	256	128	negative-source	7	0	1	256	14177900	10201906116227412285
TIME	3	256	128	negative-source	7	1	2	256	2767600	10201906116227412285
TIME	3	256	128	negative-source	7	2	0	256	8761700	10201906116227412285
TIME	3	256	128	negative-source	8	0	2	256	2794200	10201906116227412285
TIME	3	256	128	negative-source	8	1	0	256	8789400	10201906116227412285
TIME	3	256	128	negative-source	8	2	1	256	14590100	10201906116227412285
TIME	3	256	128	negative-both	0	0	0	256	9018400	10201906116227412285
TIME	3	256	128	negative-both	0	1	1	256	14587800	10201906116227412285
TIME	3	256	128	negative-both	0	2	2	256	2804700	10201906116227412285
TIME	3	256	128	negative-both	1	0	1	256	22957700	10201906116227412285
TIME	3	256	128	negative-both	1	1	2	256	2729200	10201906116227412285
TIME	3	256	128	negative-both	1	2	0	256	8643900	10201906116227412285
TIME	3	256	128	negative-both	2	0	2	256	2803300	10201906116227412285
TIME	3	256	128	negative-both	2	1	0	256	8586500	10201906116227412285
TIME	3	256	128	negative-both	2	2	1	256	14362300	10201906116227412285
TIME	3	256	128	negative-both	3	0	0	256	8836900	10201906116227412285
TIME	3	256	128	negative-both	3	1	1	256	14362400	10201906116227412285
TIME	3	256	128	negative-both	3	2	2	256	2825600	10201906116227412285
TIME	3	256	128	negative-both	4	0	1	256	14242000	10201906116227412285
TIME	3	256	128	negative-both	4	1	2	256	2845900	10201906116227412285
TIME	3	256	128	negative-both	4	2	0	256	8763400	10201906116227412285
TIME	3	256	128	negative-both	5	0	2	256	2871900	10201906116227412285
TIME	3	256	128	negative-both	5	1	0	256	8870800	10201906116227412285
TIME	3	256	128	negative-both	5	2	1	256	14451300	10201906116227412285
TIME	3	256	128	negative-both	6	0	0	256	8821600	10201906116227412285
TIME	3	256	128	negative-both	6	1	1	256	14689600	10201906116227412285
TIME	3	256	128	negative-both	6	2	2	256	2844400	10201906116227412285
TIME	3	256	128	negative-both	7	0	1	256	14487600	10201906116227412285
TIME	3	256	128	negative-both	7	1	2	256	3028400	10201906116227412285
TIME	3	256	128	negative-both	7	2	0	256	8875100	10201906116227412285
TIME	3	256	128	negative-both	8	0	2	256	2871600	10201906116227412285
TIME	3	256	128	negative-both	8	1	0	256	8909700	10201906116227412285
TIME	3	256	128	negative-both	8	2	1	256	14774600	10201906116227412285
TIME	3	256	128	universal	0	0	0	256	111737900	11061319352818182479
TIME	3	256	128	universal	0	1	1	256	106815000	11061319352818182479
TIME	3	256	128	universal	0	2	2	256	109889400	11061319352818182479
TIME	3	256	128	universal	1	0	1	256	111005700	11061319352818182479
TIME	3	256	128	universal	1	1	2	256	112668400	11061319352818182479
TIME	3	256	128	universal	1	2	0	256	114513000	11061319352818182479
TIME	3	256	128	universal	2	0	2	256	108493800	11061319352818182479
TIME	3	256	128	universal	2	1	0	256	124000400	11061319352818182479
TIME	3	256	128	universal	2	2	1	256	106737800	11061319352818182479
TIME	3	256	128	universal	3	0	0	256	108538100	11061319352818182479
TIME	3	256	128	universal	3	1	1	256	103561100	11061319352818182479
TIME	3	256	128	universal	3	2	2	256	108256600	11061319352818182479
TIME	3	256	128	universal	4	0	1	256	102828600	11061319352818182479
TIME	3	256	128	universal	4	1	2	256	104692000	11061319352818182479
TIME	3	256	128	universal	4	2	0	256	110669800	11061319352818182479
TIME	3	256	128	universal	5	0	2	256	107206900	11061319352818182479
TIME	3	256	128	universal	5	1	0	256	120860200	11061319352818182479
TIME	3	256	128	universal	5	2	1	256	104564000	11061319352818182479
TIME	3	256	128	universal	6	0	0	256	108570800	11061319352818182479
TIME	3	256	128	universal	6	1	1	256	101291900	11061319352818182479
TIME	3	256	128	universal	6	2	2	256	106176900	11061319352818182479
TIME	3	256	128	universal	7	0	1	256	100000100	11061319352818182479
TIME	3	256	128	universal	7	1	2	256	107167600	11061319352818182479
TIME	3	256	128	universal	7	2	0	256	119103800	11061319352818182479
TIME	3	256	128	universal	8	0	2	256	115608900	11061319352818182479
TIME	3	256	128	universal	8	1	0	256	144058100	11061319352818182479
TIME	3	256	128	universal	8	2	1	256	103402900	11061319352818182479
TIME	3	256	128	repeated-source	0	0	0	256	8372800	10201906116227412285
TIME	3	256	128	repeated-source	0	1	1	256	14203700	10201906116227412285
TIME	3	256	128	repeated-source	0	2	2	256	2651000	10201906116227412285
TIME	3	256	128	repeated-source	1	0	1	256	14042600	10201906116227412285
TIME	3	256	128	repeated-source	1	1	2	256	2649000	10201906116227412285
TIME	3	256	128	repeated-source	1	2	0	256	9054900	10201906116227412285
TIME	3	256	128	repeated-source	2	0	2	256	2648300	10201906116227412285
TIME	3	256	128	repeated-source	2	1	0	256	8376400	10201906116227412285
TIME	3	256	128	repeated-source	2	2	1	256	13900700	10201906116227412285
TIME	3	256	128	repeated-source	3	0	0	256	8994700	10201906116227412285
TIME	3	256	128	repeated-source	3	1	1	256	14257700	10201906116227412285
TIME	3	256	128	repeated-source	3	2	2	256	2731300	10201906116227412285
TIME	3	256	128	repeated-source	4	0	1	256	13961900	10201906116227412285
TIME	3	256	128	repeated-source	4	1	2	256	2721600	10201906116227412285
TIME	3	256	128	repeated-source	4	2	0	256	8520500	10201906116227412285
TIME	3	256	128	repeated-source	5	0	2	256	2789700	10201906116227412285
TIME	3	256	128	repeated-source	5	1	0	256	8536700	10201906116227412285
TIME	3	256	128	repeated-source	5	2	1	256	14000900	10201906116227412285
TIME	3	256	128	repeated-source	6	0	0	256	8536200	10201906116227412285
TIME	3	256	128	repeated-source	6	1	1	256	13993100	10201906116227412285
TIME	3	256	128	repeated-source	6	2	2	256	2732700	10201906116227412285
TIME	3	256	128	repeated-source	7	0	1	256	13638300	10201906116227412285
TIME	3	256	128	repeated-source	7	1	2	256	2654400	10201906116227412285
TIME	3	256	128	repeated-source	7	2	0	256	8462800	10201906116227412285
TIME	3	256	128	repeated-source	8	0	2	256	2651200	10201906116227412285
TIME	3	256	128	repeated-source	8	1	0	256	8435300	10201906116227412285
TIME	3	256	128	repeated-source	8	2	1	256	13765900	10201906116227412285
TIME	3	2048	512	contiguous	0	0	0	8	6075900	9813455805838741437
TIME	3	2048	512	contiguous	0	1	1	8	13472000	9813455805838741437
TIME	3	2048	512	contiguous	0	2	2	8	2509100	9813455805838741437
TIME	3	2048	512	contiguous	1	0	1	8	13435000	9813455805838741437
TIME	3	2048	512	contiguous	1	1	2	8	2650600	9813455805838741437
TIME	3	2048	512	contiguous	1	2	0	8	6280000	9813455805838741437
TIME	3	2048	512	contiguous	2	0	2	8	2617300	9813455805838741437
TIME	3	2048	512	contiguous	2	1	0	8	6368300	9813455805838741437
TIME	3	2048	512	contiguous	2	2	1	8	14238700	9813455805838741437
TIME	3	2048	512	contiguous	3	0	0	8	7133100	9813455805838741437
TIME	3	2048	512	contiguous	3	1	1	8	14054500	9813455805838741437
TIME	3	2048	512	contiguous	3	2	2	8	2791300	9813455805838741437
TIME	3	2048	512	contiguous	4	0	1	8	13768000	9813455805838741437
TIME	3	2048	512	contiguous	4	1	2	8	5305500	9813455805838741437
TIME	3	2048	512	contiguous	4	2	0	8	9347000	9813455805838741437
TIME	3	2048	512	contiguous	5	0	2	8	7442100	9813455805838741437
TIME	3	2048	512	contiguous	5	1	0	8	10515800	9813455805838741437
TIME	3	2048	512	contiguous	5	2	1	8	16107100	9813455805838741437
TIME	3	2048	512	contiguous	6	0	0	8	7114600	9813455805838741437
TIME	3	2048	512	contiguous	6	1	1	8	14769900	9813455805838741437
TIME	3	2048	512	contiguous	6	2	2	8	3807800	9813455805838741437
TIME	3	2048	512	contiguous	7	0	1	8	14618200	9813455805838741437
TIME	3	2048	512	contiguous	7	1	2	8	3557700	9813455805838741437
TIME	3	2048	512	contiguous	7	2	0	8	6640800	9813455805838741437
TIME	3	2048	512	contiguous	8	0	2	8	3463300	9813455805838741437
TIME	3	2048	512	contiguous	8	1	0	8	6542000	9813455805838741437
TIME	3	2048	512	contiguous	8	2	1	8	14368400	9813455805838741437
TIME	3	2048	512	padded	0	0	0	8	9773700	12029310139782295869
TIME	3	2048	512	padded	0	1	1	8	15767700	12029310139782295869
TIME	3	2048	512	padded	0	2	2	8	2831000	12029310139782295869
TIME	3	2048	512	padded	1	0	1	8	15507000	12029310139782295869
TIME	3	2048	512	padded	1	1	2	8	4481200	12029310139782295869
TIME	3	2048	512	padded	1	2	0	8	10507600	12029310139782295869
TIME	3	2048	512	padded	2	0	2	8	5130000	12029310139782295869
TIME	3	2048	512	padded	2	1	0	8	10343100	12029310139782295869
TIME	3	2048	512	padded	2	2	1	8	18502100	12029310139782295869
TIME	3	2048	512	padded	3	0	0	8	11013400	12029310139782295869
TIME	3	2048	512	padded	3	1	1	8	15716600	12029310139782295869
TIME	3	2048	512	padded	3	2	2	8	11102600	12029310139782295869
TIME	3	2048	512	padded	4	0	1	8	15613500	12029310139782295869
TIME	3	2048	512	padded	4	1	2	8	2879000	12029310139782295869
TIME	3	2048	512	padded	4	2	0	8	8953500	12029310139782295869
TIME	3	2048	512	padded	5	0	2	8	2807800	12029310139782295869
TIME	3	2048	512	padded	5	1	0	8	8576700	12029310139782295869
TIME	3	2048	512	padded	5	2	1	8	14502500	12029310139782295869
TIME	3	2048	512	padded	6	0	0	8	8729600	12029310139782295869
TIME	3	2048	512	padded	6	1	1	8	14260000	12029310139782295869
TIME	3	2048	512	padded	6	2	2	8	3157100	12029310139782295869
TIME	3	2048	512	padded	7	0	1	8	14231400	12029310139782295869
TIME	3	2048	512	padded	7	1	2	8	2978500	12029310139782295869
TIME	3	2048	512	padded	7	2	0	8	8826200	12029310139782295869
TIME	3	2048	512	padded	8	0	2	8	2880200	12029310139782295869
TIME	3	2048	512	padded	8	1	0	8	8916100	12029310139782295869
TIME	3	2048	512	padded	8	2	1	8	14487700	12029310139782295869
TIME	3	2048	512	negative-source	0	0	0	8	9177200	12029310139782295869
TIME	3	2048	512	negative-source	0	1	1	8	14137300	12029310139782295869
TIME	3	2048	512	negative-source	0	2	2	8	3012000	12029310139782295869
TIME	3	2048	512	negative-source	1	0	1	8	14148300	12029310139782295869
TIME	3	2048	512	negative-source	1	1	2	8	3033400	12029310139782295869
TIME	3	2048	512	negative-source	1	2	0	8	9027300	12029310139782295869
TIME	3	2048	512	negative-source	2	0	2	8	2965500	12029310139782295869
TIME	3	2048	512	negative-source	2	1	0	8	8819500	12029310139782295869
TIME	3	2048	512	negative-source	2	2	1	8	13928500	12029310139782295869
TIME	3	2048	512	negative-source	3	0	0	8	8535400	12029310139782295869
TIME	3	2048	512	negative-source	3	1	1	8	13749000	12029310139782295869
TIME	3	2048	512	negative-source	3	2	2	8	2869800	12029310139782295869
TIME	3	2048	512	negative-source	4	0	1	8	14193300	12029310139782295869
TIME	3	2048	512	negative-source	4	1	2	8	3376900	12029310139782295869
TIME	3	2048	512	negative-source	4	2	0	8	8541900	12029310139782295869
TIME	3	2048	512	negative-source	5	0	2	8	3619300	12029310139782295869
TIME	3	2048	512	negative-source	5	1	0	8	11339900	12029310139782295869
TIME	3	2048	512	negative-source	5	2	1	8	17138900	12029310139782295869
TIME	3	2048	512	negative-source	6	0	0	8	11070600	12029310139782295869
TIME	3	2048	512	negative-source	6	1	1	8	15916700	12029310139782295869
TIME	3	2048	512	negative-source	6	2	2	8	4929500	12029310139782295869
TIME	3	2048	512	negative-source	7	0	1	8	15759100	12029310139782295869
TIME	3	2048	512	negative-source	7	1	2	8	5151200	12029310139782295869
TIME	3	2048	512	negative-source	7	2	0	8	10222700	12029310139782295869
TIME	3	2048	512	negative-source	8	0	2	8	5038000	12029310139782295869
TIME	3	2048	512	negative-source	8	1	0	8	10230100	12029310139782295869
TIME	3	2048	512	negative-source	8	2	1	8	15042300	12029310139782295869
TIME	3	2048	512	negative-both	0	0	0	8	8909900	12029310139782295869
TIME	3	2048	512	negative-both	0	1	1	8	15448200	12029310139782295869
TIME	3	2048	512	negative-both	0	2	2	8	4100700	12029310139782295869
TIME	3	2048	512	negative-both	1	0	1	8	15045900	12029310139782295869
TIME	3	2048	512	negative-both	1	1	2	8	2870600	12029310139782295869
TIME	3	2048	512	negative-both	1	2	0	8	9214400	12029310139782295869
TIME	3	2048	512	negative-both	2	0	2	8	4348600	12029310139782295869
TIME	3	2048	512	negative-both	2	1	0	8	9174500	12029310139782295869
TIME	3	2048	512	negative-both	2	2	1	8	15060800	12029310139782295869
TIME	3	2048	512	negative-both	3	0	0	8	9192600	12029310139782295869
TIME	3	2048	512	negative-both	3	1	1	8	14963100	12029310139782295869
TIME	3	2048	512	negative-both	3	2	2	8	4131800	12029310139782295869
TIME	3	2048	512	negative-both	4	0	1	8	14746700	12029310139782295869
TIME	3	2048	512	negative-both	4	1	2	8	2803400	12029310139782295869
TIME	3	2048	512	negative-both	4	2	0	8	8474900	12029310139782295869
TIME	3	2048	512	negative-both	5	0	2	8	2924700	12029310139782295869
TIME	3	2048	512	negative-both	5	1	0	8	8659000	12029310139782295869
TIME	3	2048	512	negative-both	5	2	1	8	14430700	12029310139782295869
TIME	3	2048	512	negative-both	6	0	0	8	8835600	12029310139782295869
TIME	3	2048	512	negative-both	6	1	1	8	14416200	12029310139782295869
TIME	3	2048	512	negative-both	6	2	2	8	2792400	12029310139782295869
TIME	3	2048	512	negative-both	7	0	1	8	14393900	12029310139782295869
TIME	3	2048	512	negative-both	7	1	2	8	2933300	12029310139782295869
TIME	3	2048	512	negative-both	7	2	0	8	8547200	12029310139782295869
TIME	3	2048	512	negative-both	8	0	2	8	2897100	12029310139782295869
TIME	3	2048	512	negative-both	8	1	0	8	8503300	12029310139782295869
TIME	3	2048	512	negative-both	8	2	1	8	23372100	12029310139782295869
TIME	3	2048	512	universal	0	0	0	8	115089600	2665753721823226191
TIME	3	2048	512	universal	0	1	1	8	109315500	2665753721823226191
TIME	3	2048	512	universal	0	2	2	8	114602500	2665753721823226191
TIME	3	2048	512	universal	1	0	1	8	105714900	2665753721823226191
TIME	3	2048	512	universal	1	1	2	8	106702000	2665753721823226191
TIME	3	2048	512	universal	1	2	0	8	115674000	2665753721823226191
TIME	3	2048	512	universal	2	0	2	8	105014300	2665753721823226191
TIME	3	2048	512	universal	2	1	0	8	119175300	2665753721823226191
TIME	3	2048	512	universal	2	2	1	8	110414200	2665753721823226191
TIME	3	2048	512	universal	3	0	0	8	113070900	2665753721823226191
TIME	3	2048	512	universal	3	1	1	8	104802200	2665753721823226191
TIME	3	2048	512	universal	3	2	2	8	103831000	2665753721823226191
TIME	3	2048	512	universal	4	0	1	8	99195400	2665753721823226191
TIME	3	2048	512	universal	4	1	2	8	111389500	2665753721823226191
TIME	3	2048	512	universal	4	2	0	8	119519800	2665753721823226191
TIME	3	2048	512	universal	5	0	2	8	107271200	2665753721823226191
TIME	3	2048	512	universal	5	1	0	8	109218700	2665753721823226191
TIME	3	2048	512	universal	5	2	1	8	104357600	2665753721823226191
TIME	3	2048	512	universal	6	0	0	8	106333200	2665753721823226191
TIME	3	2048	512	universal	6	1	1	8	97906700	2665753721823226191
TIME	3	2048	512	universal	6	2	2	8	104637500	2665753721823226191
TIME	3	2048	512	universal	7	0	1	8	102130900	2665753721823226191
TIME	3	2048	512	universal	7	1	2	8	106855500	2665753721823226191
TIME	3	2048	512	universal	7	2	0	8	115106400	2665753721823226191
TIME	3	2048	512	universal	8	0	2	8	109205800	2665753721823226191
TIME	3	2048	512	universal	8	1	0	8	105724400	2665753721823226191
TIME	3	2048	512	universal	8	2	1	8	97960900	2665753721823226191
TIME	3	2048	512	repeated-source	0	0	0	8	8037100	12029310139782295869
TIME	3	2048	512	repeated-source	0	1	1	8	13427100	12029310139782295869
TIME	3	2048	512	repeated-source	0	2	2	8	2640200	12029310139782295869
TIME	3	2048	512	repeated-source	1	0	1	8	14179600	12029310139782295869
TIME	3	2048	512	repeated-source	1	1	2	8	2669700	12029310139782295869
TIME	3	2048	512	repeated-source	1	2	0	8	7915100	12029310139782295869
TIME	3	2048	512	repeated-source	2	0	2	8	2832100	12029310139782295869
TIME	3	2048	512	repeated-source	2	1	0	8	7920500	12029310139782295869
TIME	3	2048	512	repeated-source	2	2	1	8	13595300	12029310139782295869
TIME	3	2048	512	repeated-source	3	0	0	8	8022000	12029310139782295869
TIME	3	2048	512	repeated-source	3	1	1	8	13703200	12029310139782295869
TIME	3	2048	512	repeated-source	3	2	2	8	2513300	12029310139782295869
TIME	3	2048	512	repeated-source	4	0	1	8	13391000	12029310139782295869
TIME	3	2048	512	repeated-source	4	1	2	8	2512800	12029310139782295869
TIME	3	2048	512	repeated-source	4	2	0	8	7921800	12029310139782295869
TIME	3	2048	512	repeated-source	5	0	2	8	2513900	12029310139782295869
TIME	3	2048	512	repeated-source	5	1	0	8	8274100	12029310139782295869
TIME	3	2048	512	repeated-source	5	2	1	8	13555900	12029310139782295869
TIME	3	2048	512	repeated-source	6	0	0	8	8235400	12029310139782295869
TIME	3	2048	512	repeated-source	6	1	1	8	13416100	12029310139782295869
TIME	3	2048	512	repeated-source	6	2	2	8	2518400	12029310139782295869
TIME	3	2048	512	repeated-source	7	0	1	8	14277400	12029310139782295869
TIME	3	2048	512	repeated-source	7	1	2	8	2681800	12029310139782295869
TIME	3	2048	512	repeated-source	7	2	0	8	8234300	12029310139782295869
TIME	3	2048	512	repeated-source	8	0	2	8	2645300	12029310139782295869
TIME	3	2048	512	repeated-source	8	1	0	8	8123000	12029310139782295869
TIME	3	2048	512	repeated-source	8	2	1	8	13439300	12029310139782295869
