TIME	3	31	17	contiguous	0	0	0	4096	709600	1997261506451498127
TIME	3	31	17	contiguous	0	1	1	4096	648700	1997261506451498127
TIME	3	31	17	contiguous	0	2	2	4096	572800	1997261506451498127
TIME	3	31	17	contiguous	1	0	1	4096	625500	1997261506451498127
TIME	3	31	17	contiguous	1	1	2	4096	616500	1997261506451498127
TIME	3	31	17	contiguous	1	2	0	4096	560900	1997261506451498127
TIME	3	31	17	contiguous	2	0	2	4096	599500	1997261506451498127
TIME	3	31	17	contiguous	2	1	0	4096	554100	1997261506451498127
TIME	3	31	17	contiguous	2	2	1	4096	553000	1997261506451498127
TIME	3	31	17	contiguous	3	0	0	4096	565100	1997261506451498127
TIME	3	31	17	contiguous	3	1	1	4096	618500	1997261506451498127
TIME	3	31	17	contiguous	3	2	2	4096	587500	1997261506451498127
TIME	3	31	17	contiguous	4	0	1	4096	615400	1997261506451498127
TIME	3	31	17	contiguous	4	1	2	4096	1608700	1997261506451498127
TIME	3	31	17	contiguous	4	2	0	4096	1185300	1997261506451498127
TIME	3	31	17	contiguous	5	0	2	4096	2164700	1997261506451498127
TIME	3	31	17	contiguous	5	1	0	4096	1467000	1997261506451498127
TIME	3	31	17	contiguous	5	2	1	4096	1188900	1997261506451498127
TIME	3	31	17	contiguous	6	0	0	4096	1471500	1997261506451498127
TIME	3	31	17	contiguous	6	1	1	4096	1211600	1997261506451498127
TIME	3	31	17	contiguous	6	2	2	4096	1499900	1997261506451498127
TIME	3	31	17	contiguous	7	0	1	4096	1789700	1997261506451498127
TIME	3	31	17	contiguous	7	1	2	4096	1510100	1997261506451498127
TIME	3	31	17	contiguous	7	2	0	4096	545400	1997261506451498127
TIME	3	31	17	contiguous	8	0	2	4096	557800	1997261506451498127
TIME	3	31	17	contiguous	8	1	0	4096	644900	1997261506451498127
TIME	3	31	17	contiguous	8	2	1	4096	549600	1997261506451498127
TIME	3	31	17	padded	0	0	0	4096	843700	6493053110747192463
TIME	3	31	17	padded	0	1	1	4096	761400	6493053110747192463
TIME	3	31	17	padded	0	2	2	4096	790300	6493053110747192463
TIME	3	31	17	padded	1	0	1	4096	900700	6493053110747192463
TIME	3	31	17	padded	1	1	2	4096	767300	6493053110747192463
TIME	3	31	17	padded	1	2	0	4096	775000	6493053110747192463
TIME	3	31	17	padded	2	0	2	4096	773600	6493053110747192463
TIME	3	31	17	padded	2	1	0	4096	788700	6493053110747192463
TIME	3	31	17	padded	2	2	1	4096	776000	6493053110747192463
TIME	3	31	17	padded	3	0	0	4096	782100	6493053110747192463
TIME	3	31	17	padded	3	1	1	4096	774400	6493053110747192463
TIME	3	31	17	padded	3	2	2	4096	771900	6493053110747192463
TIME	3	31	17	padded	4	0	1	4096	774200	6493053110747192463
TIME	3	31	17	padded	4	1	2	4096	771500	6493053110747192463
TIME	3	31	17	padded	4	2	0	4096	774100	6493053110747192463
TIME	3	31	17	padded	5	0	2	4096	772000	6493053110747192463
TIME	3	31	17	padded	5	1	0	4096	776200	6493053110747192463
TIME	3	31	17	padded	5	2	1	4096	769000	6493053110747192463
TIME	3	31	17	padded	6	0	0	4096	785300	6493053110747192463
TIME	3	31	17	padded	6	1	1	4096	775400	6493053110747192463
TIME	3	31	17	padded	6	2	2	4096	770800	6493053110747192463
TIME	3	31	17	padded	7	0	1	4096	875100	6493053110747192463
TIME	3	31	17	padded	7	1	2	4096	770200	6493053110747192463
TIME	3	31	17	padded	7	2	0	4096	915300	6493053110747192463
TIME	3	31	17	padded	8	0	2	4096	843600	6493053110747192463
TIME	3	31	17	padded	8	1	0	4096	816100	6493053110747192463
TIME	3	31	17	padded	8	2	1	4096	800400	6493053110747192463
TIME	3	31	17	negative-source	0	0	0	4096	1215900	6493053110747192463
TIME	3	31	17	negative-source	0	1	1	4096	1219000	6493053110747192463
TIME	3	31	17	negative-source	0	2	2	4096	1234100	6493053110747192463
TIME	3	31	17	negative-source	1	0	1	4096	1241900	6493053110747192463
TIME	3	31	17	negative-source	1	1	2	4096	1215300	6493053110747192463
TIME	3	31	17	negative-source	1	2	0	4096	1226500	6493053110747192463
TIME	3	31	17	negative-source	2	0	2	4096	1206600	6493053110747192463
TIME	3	31	17	negative-source	2	1	0	4096	1214800	6493053110747192463
TIME	3	31	17	negative-source	2	2	1	4096	1204300	6493053110747192463
TIME	3	31	17	negative-source	3	0	0	4096	1226500	6493053110747192463
TIME	3	31	17	negative-source	3	1	1	4096	1195000	6493053110747192463
TIME	3	31	17	negative-source	3	2	2	4096	1173500	6493053110747192463
TIME	3	31	17	negative-source	4	0	1	4096	1178400	6493053110747192463
TIME	3	31	17	negative-source	4	1	2	4096	1174600	6493053110747192463
TIME	3	31	17	negative-source	4	2	0	4096	1206100	6493053110747192463
TIME	3	31	17	negative-source	5	0	2	4096	1166500	6493053110747192463
TIME	3	31	17	negative-source	5	1	0	4096	1226700	6493053110747192463
TIME	3	31	17	negative-source	5	2	1	4096	1215800	6493053110747192463
TIME	3	31	17	negative-source	6	0	0	4096	1238800	6493053110747192463
TIME	3	31	17	negative-source	6	1	1	4096	1180700	6493053110747192463
TIME	3	31	17	negative-source	6	2	2	4096	1167100	6493053110747192463
TIME	3	31	17	negative-source	7	0	1	4096	1216900	6493053110747192463
TIME	3	31	17	negative-source	7	1	2	4096	1217600	6493053110747192463
TIME	3	31	17	negative-source	7	2	0	4096	1233900	6493053110747192463
TIME	3	31	17	negative-source	8	0	2	4096	1168200	6493053110747192463
TIME	3	31	17	negative-source	8	1	0	4096	1193100	6493053110747192463
TIME	3	31	17	negative-source	8	2	1	4096	1178200	6493053110747192463
TIME	3	31	17	negative-both	0	0	0	4096	1197700	12127473997393222799
TIME	3	31	17	negative-both	0	1	1	4096	1172200	12127473997393222799
TIME	3	31	17	negative-both	0	2	2	4096	1166600	12127473997393222799
TIME	3	31	17	negative-both	1	0	1	4096	1172800	12127473997393222799
TIME	3	31	17	negative-both	1	1	2	4096	1173600	12127473997393222799
TIME	3	31	17	negative-both	1	2	0	4096	1212900	12127473997393222799
TIME	3	31	17	negative-both	2	0	2	4096	1197100	12127473997393222799
TIME	3	31	17	negative-both	2	1	0	4096	1223000	12127473997393222799
TIME	3	31	17	negative-both	2	2	1	4096	1218800	12127473997393222799
TIME	3	31	17	negative-both	3	0	0	4096	1198900	12127473997393222799
TIME	3	31	17	negative-both	3	1	1	4096	1185500	12127473997393222799
TIME	3	31	17	negative-both	3	2	2	4096	1169800	12127473997393222799
TIME	3	31	17	negative-both	4	0	1	4096	1215900	12127473997393222799
TIME	3	31	17	negative-both	4	1	2	4096	1209800	12127473997393222799
TIME	3	31	17	negative-both	4	2	0	4096	1262200	12127473997393222799
TIME	3	31	17	negative-both	5	0	2	4096	1204500	12127473997393222799
TIME	3	31	17	negative-both	5	1	0	4096	1239300	12127473997393222799
TIME	3	31	17	negative-both	5	2	1	4096	1264600	12127473997393222799
TIME	3	31	17	negative-both	6	0	0	4096	1204900	12127473997393222799
TIME	3	31	17	negative-both	6	1	1	4096	1178900	12127473997393222799
TIME	3	31	17	negative-both	6	2	2	4096	1214600	12127473997393222799
TIME	3	31	17	negative-both	7	0	1	4096	1242400	12127473997393222799
TIME	3	31	17	negative-both	7	1	2	4096	1273900	12127473997393222799
TIME	3	31	17	negative-both	7	2	0	4096	1195000	12127473997393222799
TIME	3	31	17	negative-both	8	0	2	4096	1210000	12127473997393222799
TIME	3	31	17	negative-both	8	1	0	4096	1229300	12127473997393222799
TIME	3	31	17	negative-both	8	2	1	4096	1218900	12127473997393222799
TIME	3	31	17	universal	0	0	0	4096	6538800	10497885831614451383
TIME	3	31	17	universal	0	1	1	4096	6386400	10497885831614451383
TIME	3	31	17	universal	0	2	2	4096	6217400	10497885831614451383
TIME	3	31	17	universal	1	0	1	4096	6524800	10497885831614451383
TIME	3	31	17	universal	1	1	2	4096	6285700	10497885831614451383
TIME	3	31	17	universal	1	2	0	4096	6318500	10497885831614451383
TIME	3	31	17	universal	2	0	2	4096	6262200	10497885831614451383
TIME	3	31	17	universal	2	1	0	4096	6332900	10497885831614451383
TIME	3	31	17	universal	2	2	1	4096	6292600	10497885831614451383
TIME	3	31	17	universal	3	0	0	4096	6201700	10497885831614451383
TIME	3	31	17	universal	3	1	1	4096	6498300	10497885831614451383
TIME	3	31	17	universal	3	2	2	4096	6535900	10497885831614451383
TIME	3	31	17	universal	4	0	1	4096	6477300	10497885831614451383
TIME	3	31	17	universal	4	1	2	4096	6322000	10497885831614451383
TIME	3	31	17	universal	4	2	0	4096	6488600	10497885831614451383
TIME	3	31	17	universal	5	0	2	4096	6434500	10497885831614451383
TIME	3	31	17	universal	5	1	0	4096	6540900	10497885831614451383
TIME	3	31	17	universal	5	2	1	4096	6601900	10497885831614451383
TIME	3	31	17	universal	6	0	0	4096	6599200	10497885831614451383
TIME	3	31	17	universal	6	1	1	4096	6549400	10497885831614451383
TIME	3	31	17	universal	6	2	2	4096	6607500	10497885831614451383
TIME	3	31	17	universal	7	0	1	4096	6593900	10497885831614451383
TIME	3	31	17	universal	7	1	2	4096	6580200	10497885831614451383
TIME	3	31	17	universal	7	2	0	4096	6392900	10497885831614451383
TIME	3	31	17	universal	8	0	2	4096	6346100	10497885831614451383
TIME	3	31	17	universal	8	1	0	4096	6328200	10497885831614451383
TIME	3	31	17	universal	8	2	1	4096	6320800	10497885831614451383
TIME	3	31	17	repeated-source	0	0	0	4096	775600	10620832352286596239
TIME	3	31	17	repeated-source	0	1	1	4096	787500	10620832352286596239
TIME	3	31	17	repeated-source	0	2	2	4096	776800	10620832352286596239
TIME	3	31	17	repeated-source	1	0	1	4096	816300	10620832352286596239
TIME	3	31	17	repeated-source	1	1	2	4096	759400	10620832352286596239
TIME	3	31	17	repeated-source	1	2	0	4096	770700	10620832352286596239
TIME	3	31	17	repeated-source	2	0	2	4096	774000	10620832352286596239
TIME	3	31	17	repeated-source	2	1	0	4096	767000	10620832352286596239
TIME	3	31	17	repeated-source	2	2	1	4096	766300	10620832352286596239
TIME	3	31	17	repeated-source	3	0	0	4096	820700	10620832352286596239
TIME	3	31	17	repeated-source	3	1	1	4096	804900	10620832352286596239
TIME	3	31	17	repeated-source	3	2	2	4096	777800	10620832352286596239
TIME	3	31	17	repeated-source	4	0	1	4096	800300	10620832352286596239
TIME	3	31	17	repeated-source	4	1	2	4096	762000	10620832352286596239
TIME	3	31	17	repeated-source	4	2	0	4096	757800	10620832352286596239
TIME	3	31	17	repeated-source	5	0	2	4096	752600	10620832352286596239
TIME	3	31	17	repeated-source	5	1	0	4096	757500	10620832352286596239
TIME	3	31	17	repeated-source	5	2	1	4096	768200	10620832352286596239
TIME	3	31	17	repeated-source	6	0	0	4096	764100	10620832352286596239
TIME	3	31	17	repeated-source	6	1	1	4096	766200	10620832352286596239
TIME	3	31	17	repeated-source	6	2	2	4096	755900	10620832352286596239
TIME	3	31	17	repeated-source	7	0	1	4096	767500	10620832352286596239
TIME	3	31	17	repeated-source	7	1	2	4096	754400	10620832352286596239
TIME	3	31	17	repeated-source	7	2	0	4096	761300	10620832352286596239
TIME	3	31	17	repeated-source	8	0	2	4096	757000	10620832352286596239
TIME	3	31	17	repeated-source	8	1	0	4096	763800	10620832352286596239
TIME	3	31	17	repeated-source	8	2	1	4096	765800	10620832352286596239
TIME	3	256	128	contiguous	0	0	0	256	1055200	10294141164518985661
TIME	3	256	128	contiguous	0	1	1	256	1054100	10294141164518985661
TIME	3	256	128	contiguous	0	2	2	256	1106600	10294141164518985661
TIME	3	256	128	contiguous	1	0	1	256	1144200	10294141164518985661
TIME	3	256	128	contiguous	1	1	2	256	1090700	10294141164518985661
TIME	3	256	128	contiguous	1	2	0	256	1181100	10294141164518985661
TIME	3	256	128	contiguous	2	0	2	256	1105500	10294141164518985661
TIME	3	256	128	contiguous	2	1	0	256	1149900	10294141164518985661
TIME	3	256	128	contiguous	2	2	1	256	1056800	10294141164518985661
TIME	3	256	128	contiguous	3	0	0	256	1162600	10294141164518985661
TIME	3	256	128	contiguous	3	1	1	256	1057800	10294141164518985661
TIME	3	256	128	contiguous	3	2	2	256	1065200	10294141164518985661
TIME	3	256	128	contiguous	4	0	1	256	1069400	10294141164518985661
TIME	3	256	128	contiguous	4	1	2	256	1059700	10294141164518985661
TIME	3	256	128	contiguous	4	2	0	256	1232700	10294141164518985661
TIME	3	256	128	contiguous	5	0	2	256	1057200	10294141164518985661
TIME	3	256	128	contiguous	5	1	0	256	1053100	10294141164518985661
TIME	3	256	128	contiguous	5	2	1	256	1056300	10294141164518985661
TIME	3	256	128	contiguous	6	0	0	256	1052700	10294141164518985661
TIME	3	256	128	contiguous	6	1	1	256	1053700	10294141164518985661
TIME	3	256	128	contiguous	6	2	2	256	1053300	10294141164518985661
TIME	3	256	128	contiguous	7	0	1	256	1053800	10294141164518985661
TIME	3	256	128	contiguous	7	1	2	256	1062800	10294141164518985661
TIME	3	256	128	contiguous	7	2	0	256	1056600	10294141164518985661
TIME	3	256	128	contiguous	8	0	2	256	1064300	10294141164518985661
TIME	3	256	128	contiguous	8	1	0	256	1066600	10294141164518985661
TIME	3	256	128	contiguous	8	2	1	256	1054600	10294141164518985661
TIME	3	256	128	padded	0	0	0	256	1067700	10201906116227412285
TIME	3	256	128	padded	0	1	1	256	1069800	10201906116227412285
TIME	3	256	128	padded	0	2	2	256	1076100	10201906116227412285
TIME	3	256	128	padded	1	0	1	256	1066900	10201906116227412285
TIME	3	256	128	padded	1	1	2	256	1065500	10201906116227412285
TIME	3	256	128	padded	1	2	0	256	1065700	10201906116227412285
TIME	3	256	128	padded	2	0	2	256	1067200	10201906116227412285
TIME	3	256	128	padded	2	1	0	256	1069000	10201906116227412285
TIME	3	256	128	padded	2	2	1	256	1065700	10201906116227412285
TIME	3	256	128	padded	3	0	0	256	1071800	10201906116227412285
TIME	3	256	128	padded	3	1	1	256	1067300	10201906116227412285
TIME	3	256	128	padded	3	2	2	256	1065300	10201906116227412285
TIME	3	256	128	padded	4	0	1	256	1067100	10201906116227412285
TIME	3	256	128	padded	4	1	2	256	1069500	10201906116227412285
TIME	3	256	128	padded	4	2	0	256	1078900	10201906116227412285
TIME	3	256	128	padded	5	0	2	256	1067900	10201906116227412285
TIME	3	256	128	padded	5	1	0	256	1070700	10201906116227412285
TIME	3	256	128	padded	5	2	1	256	1069200	10201906116227412285
TIME	3	256	128	padded	6	0	0	256	1070700	10201906116227412285
TIME	3	256	128	padded	6	1	1	256	1070700	10201906116227412285
TIME	3	256	128	padded	6	2	2	256	1066200	10201906116227412285
TIME	3	256	128	padded	7	0	1	256	1066600	10201906116227412285
TIME	3	256	128	padded	7	1	2	256	1068500	10201906116227412285
TIME	3	256	128	padded	7	2	0	256	1058700	10201906116227412285
TIME	3	256	128	padded	8	0	2	256	1040700	10201906116227412285
TIME	3	256	128	padded	8	1	0	256	1042400	10201906116227412285
TIME	3	256	128	padded	8	2	1	256	1040600	10201906116227412285
TIME	3	256	128	negative-source	0	0	0	256	2929800	10201906116227412285
TIME	3	256	128	negative-source	0	1	1	256	2960300	10201906116227412285
TIME	3	256	128	negative-source	0	2	2	256	3095500	10201906116227412285
TIME	3	256	128	negative-source	1	0	1	256	3137200	10201906116227412285
TIME	3	256	128	negative-source	1	1	2	256	2989800	10201906116227412285
TIME	3	256	128	negative-source	1	2	0	256	3042400	10201906116227412285
TIME	3	256	128	negative-source	2	0	2	256	2952500	10201906116227412285
TIME	3	256	128	negative-source	2	1	0	256	2978500	10201906116227412285
TIME	3	256	128	negative-source	2	2	1	256	3018600	10201906116227412285
TIME	3	256	128	negative-source	3	0	0	256	3031000	10201906116227412285
TIME	3	256	128	negative-source	3	1	1	256	3016300	10201906116227412285
TIME	3	256	128	negative-source	3	2	2	256	2952100	10201906116227412285
TIME	3	256	128	negative-source	4	0	1	256	2964800	10201906116227412285
TIME	3	256	128	negative-source	4	1	2	256	2997000	10201906116227412285
TIME	3	256	128	negative-source	4	2	0	256	2981100	10201906116227412285
TIME	3	256	128	negative-source	5	0	2	256	2940700	10201906116227412285
TIME	3	256	128	negative-source	5	1	0	256	3014300	10201906116227412285
TIME	3	256	128	negative-source	5	2	1	256	3062400	10201906116227412285
TIME	3	256	128	negative-source	6	0	0	256	3012000	10201906116227412285
TIME	3	256	128	negative-source	6	1	1	256	3073100	10201906116227412285
TIME	3	256	128	negative-source	6	2	2	256	3143400	10201906116227412285
TIME	3	256	128	negative-source	7	0	1	256	2973500	10201906116227412285
TIME	3	256	128	negative-source	7	1	2	256	3108200	10201906116227412285
TIME	3	256	128	negative-source	7	2	0	256	3289700	10201906116227412285
TIME	3	256	128	negative-source	8	0	2	256	3171500	10201906116227412285
TIME	3	256	128	negative-source	8	1	0	256	3126400	10201906116227412285
TIME	3	256	128	negative-source	8	2	1	256	3102700	10201906116227412285
TIME	3	256	128	negative-both	0	0	0	256	3072200	10201906116227412285
TIME	3	256	128	negative-both	0	1	1	256	3013100	10201906116227412285
TIME	3	256	128	negative-both	0	2	2	256	3042000	10201906116227412285
TIME	3	256	128	negative-both	1	0	1	256	3059600	10201906116227412285
TIME	3	256	128	negative-both	1	1	2	256	3129600	10201906116227412285
TIME	3	256	128	negative-both	1	2	0	256	3063100	10201906116227412285
TIME	3	256	128	negative-both	2	0	2	256	3032800	10201906116227412285
TIME	3	256	128	negative-both	2	1	0	256	3093600	10201906116227412285
TIME	3	256	128	negative-both	2	2	1	256	3092600	10201906116227412285
TIME	3	256	128	negative-both	3	0	0	256	3105400	10201906116227412285
TIME	3	256	128	negative-both	3	1	1	256	3011700	10201906116227412285
TIME	3	256	128	negative-both	3	2	2	256	3096300	10201906116227412285
TIME	3	256	128	negative-both	4	0	1	256	3188800	10201906116227412285
TIME	3	256	128	negative-both	4	1	2	256	3096200	10201906116227412285
TIME	3	256	128	negative-both	4	2	0	256	3103700	10201906116227412285
TIME	3	256	128	negative-both	5	0	2	256	3113500	10201906116227412285
TIME	3	256	128	negative-both	5	1	0	256	3132600	10201906116227412285
TIME	3	256	128	negative-both	5	2	1	256	3201800	10201906116227412285
TIME	3	256	128	negative-both	6	0	0	256	3223700	10201906116227412285
TIME	3	256	128	negative-both	6	1	1	256	3196000	10201906116227412285
TIME	3	256	128	negative-both	6	2	2	256	3204600	10201906116227412285
TIME	3	256	128	negative-both	7	0	1	256	3125600	10201906116227412285
TIME	3	256	128	negative-both	7	1	2	256	3108200	10201906116227412285
TIME	3	256	128	negative-both	7	2	0	256	3112800	10201906116227412285
TIME	3	256	128	negative-both	8	0	2	256	3181800	10201906116227412285
TIME	3	256	128	negative-both	8	1	0	256	3128600	10201906116227412285
TIME	3	256	128	negative-both	8	2	1	256	3113100	10201906116227412285
TIME	3	256	128	universal	0	0	0	256	24689200	11061319352818182479
TIME	3	256	128	universal	0	1	1	256	25339300	11061319352818182479
TIME	3	256	128	universal	0	2	2	256	25142400	11061319352818182479
TIME	3	256	128	universal	1	0	1	256	24816500	11061319352818182479
TIME	3	256	128	universal	1	1	2	256	24535000	11061319352818182479
TIME	3	256	128	universal	1	2	0	256	24539700	11061319352818182479
TIME	3	256	128	universal	2	0	2	256	24340900	11061319352818182479
TIME	3	256	128	universal	2	1	0	256	24314300	11061319352818182479
TIME	3	256	128	universal	2	2	1	256	24210800	11061319352818182479
TIME	3	256	128	universal	3	0	0	256	25307300	11061319352818182479
TIME	3	256	128	universal	3	1	1	256	24202600	11061319352818182479
TIME	3	256	128	universal	3	2	2	256	24559900	11061319352818182479
TIME	3	256	128	universal	4	0	1	256	24871600	11061319352818182479
TIME	3	256	128	universal	4	1	2	256	24775200	11061319352818182479
TIME	3	256	128	universal	4	2	0	256	25010600	11061319352818182479
TIME	3	256	128	universal	5	0	2	256	24774500	11061319352818182479
TIME	3	256	128	universal	5	1	0	256	24419600	11061319352818182479
TIME	3	256	128	universal	5	2	1	256	24705200	11061319352818182479
TIME	3	256	128	universal	6	0	0	256	25032600	11061319352818182479
TIME	3	256	128	universal	6	1	1	256	33131200	11061319352818182479
TIME	3	256	128	universal	6	2	2	256	24480200	11061319352818182479
TIME	3	256	128	universal	7	0	1	256	24660700	11061319352818182479
TIME	3	256	128	universal	7	1	2	256	24926300	11061319352818182479
TIME	3	256	128	universal	7	2	0	256	25030000	11061319352818182479
TIME	3	256	128	universal	8	0	2	256	24660800	11061319352818182479
TIME	3	256	128	universal	8	1	0	256	25119200	11061319352818182479
TIME	3	256	128	universal	8	2	1	256	24974900	11061319352818182479
TIME	3	256	128	repeated-source	0	0	0	256	1144100	10201906116227412285
TIME	3	256	128	repeated-source	0	1	1	256	1157900	10201906116227412285
TIME	3	256	128	repeated-source	0	2	2	256	1087700	10201906116227412285
TIME	3	256	128	repeated-source	1	0	1	256	1120900	10201906116227412285
TIME	3	256	128	repeated-source	1	1	2	256	1111000	10201906116227412285
TIME	3	256	128	repeated-source	1	2	0	256	1089800	10201906116227412285
TIME	3	256	128	repeated-source	2	0	2	256	1113600	10201906116227412285
TIME	3	256	128	repeated-source	2	1	0	256	1128400	10201906116227412285
TIME	3	256	128	repeated-source	2	2	1	256	1116700	10201906116227412285
TIME	3	256	128	repeated-source	3	0	0	256	1110800	10201906116227412285
TIME	3	256	128	repeated-source	3	1	1	256	1106800	10201906116227412285
TIME	3	256	128	repeated-source	3	2	2	256	1089300	10201906116227412285
TIME	3	256	128	repeated-source	4	0	1	256	1120300	10201906116227412285
TIME	3	256	128	repeated-source	4	1	2	256	1123500	10201906116227412285
TIME	3	256	128	repeated-source	4	2	0	256	1114700	10201906116227412285
TIME	3	256	128	repeated-source	5	0	2	256	1120600	10201906116227412285
TIME	3	256	128	repeated-source	5	1	0	256	1126500	10201906116227412285
TIME	3	256	128	repeated-source	5	2	1	256	1120100	10201906116227412285
TIME	3	256	128	repeated-source	6	0	0	256	1127500	10201906116227412285
TIME	3	256	128	repeated-source	6	1	1	256	1132100	10201906116227412285
TIME	3	256	128	repeated-source	6	2	2	256	1115300	10201906116227412285
TIME	3	256	128	repeated-source	7	0	1	256	1128300	10201906116227412285
TIME	3	256	128	repeated-source	7	1	2	256	1133700	10201906116227412285
TIME	3	256	128	repeated-source	7	2	0	256	1095500	10201906116227412285
TIME	3	256	128	repeated-source	8	0	2	256	1082300	10201906116227412285
TIME	3	256	128	repeated-source	8	1	0	256	1088600	10201906116227412285
TIME	3	256	128	repeated-source	8	2	1	256	1138400	10201906116227412285
TIME	3	2048	512	contiguous	0	0	0	8	1168300	9813455805838741437
TIME	3	2048	512	contiguous	0	1	1	8	1287700	9813455805838741437
TIME	3	2048	512	contiguous	0	2	2	8	1222700	9813455805838741437
TIME	3	2048	512	contiguous	1	0	1	8	1215700	9813455805838741437
TIME	3	2048	512	contiguous	1	1	2	8	1228100	9813455805838741437
TIME	3	2048	512	contiguous	1	2	0	8	1361200	9813455805838741437
TIME	3	2048	512	contiguous	2	0	2	8	1274900	9813455805838741437
TIME	3	2048	512	contiguous	2	1	0	8	1248500	9813455805838741437
TIME	3	2048	512	contiguous	2	2	1	8	1227200	9813455805838741437
TIME	3	2048	512	contiguous	3	0	0	8	1363600	9813455805838741437
TIME	3	2048	512	contiguous	3	1	1	8	1571300	9813455805838741437
TIME	3	2048	512	contiguous	3	2	2	8	1333900	9813455805838741437
TIME	3	2048	512	contiguous	4	0	1	8	1203500	9813455805838741437
TIME	3	2048	512	contiguous	4	1	2	8	1228900	9813455805838741437
TIME	3	2048	512	contiguous	4	2	0	8	1181900	9813455805838741437
TIME	3	2048	512	contiguous	5	0	2	8	1226100	9813455805838741437
TIME	3	2048	512	contiguous	5	1	0	8	1409100	9813455805838741437
TIME	3	2048	512	contiguous	5	2	1	8	1295900	9813455805838741437
TIME	3	2048	512	contiguous	6	0	0	8	1262500	9813455805838741437
TIME	3	2048	512	contiguous	6	1	1	8	1266400	9813455805838741437
TIME	3	2048	512	contiguous	6	2	2	8	1284400	9813455805838741437
TIME	3	2048	512	contiguous	7	0	1	8	1639600	9813455805838741437
TIME	3	2048	512	contiguous	7	1	2	8	1336400	9813455805838741437
TIME	3	2048	512	contiguous	7	2	0	8	1277900	9813455805838741437
TIME	3	2048	512	contiguous	8	0	2	8	1191800	9813455805838741437
TIME	3	2048	512	contiguous	8	1	0	8	1748300	9813455805838741437
TIME	3	2048	512	contiguous	8	2	1	8	1842500	9813455805838741437
TIME	3	2048	512	padded	0	0	0	8	1140400	12029310139782295869
TIME	3	2048	512	padded	0	1	1	8	1188600	12029310139782295869
TIME	3	2048	512	padded	0	2	2	8	1221500	12029310139782295869
TIME	3	2048	512	padded	1	0	1	8	1186000	12029310139782295869
TIME	3	2048	512	padded	1	1	2	8	1164700	12029310139782295869
TIME	3	2048	512	padded	1	2	0	8	1160500	12029310139782295869
TIME	3	2048	512	padded	2	0	2	8	1165900	12029310139782295869
TIME	3	2048	512	padded	2	1	0	8	1340400	12029310139782295869
TIME	3	2048	512	padded	2	2	1	8	1236200	12029310139782295869
TIME	3	2048	512	padded	3	0	0	8	1181100	12029310139782295869
TIME	3	2048	512	padded	3	1	1	8	1163500	12029310139782295869
TIME	3	2048	512	padded	3	2	2	8	1388800	12029310139782295869
TIME	3	2048	512	padded	4	0	1	8	1778700	12029310139782295869
TIME	3	2048	512	padded	4	1	2	8	1288900	12029310139782295869
TIME	3	2048	512	padded	4	2	0	8	1182100	12029310139782295869
TIME	3	2048	512	padded	5	0	2	8	1186300	12029310139782295869
TIME	3	2048	512	padded	5	1	0	8	1188000	12029310139782295869
TIME	3	2048	512	padded	5	2	1	8	1211400	12029310139782295869
TIME	3	2048	512	padded	6	0	0	8	1277900	12029310139782295869
TIME	3	2048	512	padded	6	1	1	8	1207400	12029310139782295869
TIME	3	2048	512	padded	6	2	2	8	1213100	12029310139782295869
TIME	3	2048	512	padded	7	0	1	8	1202600	12029310139782295869
TIME	3	2048	512	padded	7	1	2	8	1196700	12029310139782295869
TIME	3	2048	512	padded	7	2	0	8	1336700	12029310139782295869
TIME	3	2048	512	padded	8	0	2	8	1241600	12029310139782295869
TIME	3	2048	512	padded	8	1	0	8	1214500	12029310139782295869
TIME	3	2048	512	padded	8	2	1	8	1205300	12029310139782295869
TIME	3	2048	512	negative-source	0	0	0	8	2961700	12029310139782295869
TIME	3	2048	512	negative-source	0	1	1	8	2981400	12029310139782295869
TIME	3	2048	512	negative-source	0	2	2	8	3103400	12029310139782295869
TIME	3	2048	512	negative-source	1	0	1	8	2992400	12029310139782295869
TIME	3	2048	512	negative-source	1	1	2	8	2964000	12029310139782295869
TIME	3	2048	512	negative-source	1	2	0	8	3020800	12029310139782295869
TIME	3	2048	512	negative-source	2	0	2	8	3080700	12029310139782295869
TIME	3	2048	512	negative-source	2	1	0	8	2963800	12029310139782295869
TIME	3	2048	512	negative-source	2	2	1	8	2970500	12029310139782295869
TIME	3	2048	512	negative-source	3	0	0	8	3825300	12029310139782295869
TIME	3	2048	512	negative-source	3	1	1	8	2973400	12029310139782295869
TIME	3	2048	512	negative-source	3	2	2	8	2994800	12029310139782295869
TIME	3	2048	512	negative-source	4	0	1	8	2981200	12029310139782295869
TIME	3	2048	512	negative-source	4	1	2	8	3080100	12029310139782295869
TIME	3	2048	512	negative-source	4	2	0	8	2996600	12029310139782295869
TIME	3	2048	512	negative-source	5	0	2	8	2979000	12029310139782295869
TIME	3	2048	512	negative-source	5	1	0	8	2969900	12029310139782295869
TIME	3	2048	512	negative-source	5	2	1	8	3164800	12029310139782295869
TIME	3	2048	512	negative-source	6	0	0	8	2979500	12029310139782295869
TIME	3	2048	512	negative-source	6	1	1	8	3101500	12029310139782295869
TIME	3	2048	512	negative-source	6	2	2	8	3767900	12029310139782295869
TIME	3	2048	512	negative-source	7	0	1	8	3095000	12029310139782295869
TIME	3	2048	512	negative-source	7	1	2	8	3020500	12029310139782295869
TIME	3	2048	512	negative-source	7	2	0	8	3002100	12029310139782295869
TIME	3	2048	512	negative-source	8	0	2	8	3151800	12029310139782295869
TIME	3	2048	512	negative-source	8	1	0	8	3031300	12029310139782295869
TIME	3	2048	512	negative-source	8	2	1	8	3027900	12029310139782295869
TIME	3	2048	512	negative-both	0	0	0	8	2927700	12029310139782295869
TIME	3	2048	512	negative-both	0	1	1	8	3320900	12029310139782295869
TIME	3	2048	512	negative-both	0	2	2	8	3125500	12029310139782295869
TIME	3	2048	512	negative-both	1	0	1	8	3066600	12029310139782295869
TIME	3	2048	512	negative-both	1	1	2	8	3721800	12029310139782295869
TIME	3	2048	512	negative-both	1	2	0	8	3413500	12029310139782295869
TIME	3	2048	512	negative-both	2	0	2	8	3678300	12029310139782295869
TIME	3	2048	512	negative-both	2	1	0	8	3080800	12029310139782295869
TIME	3	2048	512	negative-both	2	2	1	8	3064600	12029310139782295869
TIME	3	2048	512	negative-both	3	0	0	8	3299100	12029310139782295869
TIME	3	2048	512	negative-both	3	1	1	8	3082700	12029310139782295869
TIME	3	2048	512	negative-both	3	2	2	8	3004900	12029310139782295869
TIME	3	2048	512	negative-both	4	0	1	8	3006500	12029310139782295869
TIME	3	2048	512	negative-both	4	1	2	8	3008600	12029310139782295869
TIME	3	2048	512	negative-both	4	2	0	8	3467000	12029310139782295869
TIME	3	2048	512	negative-both	5	0	2	8	3394800	12029310139782295869
TIME	3	2048	512	negative-both	5	1	0	8	3034700	12029310139782295869
TIME	3	2048	512	negative-both	5	2	1	8	2987000	12029310139782295869
TIME	3	2048	512	negative-both	6	0	0	8	3255100	12029310139782295869
TIME	3	2048	512	negative-both	6	1	1	8	3035500	12029310139782295869
TIME	3	2048	512	negative-both	6	2	2	8	3022100	12029310139782295869
TIME	3	2048	512	negative-both	7	0	1	8	3276300	12029310139782295869
TIME	3	2048	512	negative-both	7	1	2	8	3056700	12029310139782295869
TIME	3	2048	512	negative-both	7	2	0	8	3001100	12029310139782295869
TIME	3	2048	512	negative-both	8	0	2	8	3159600	12029310139782295869
TIME	3	2048	512	negative-both	8	1	0	8	2995200	12029310139782295869
TIME	3	2048	512	negative-both	8	2	1	8	3081900	12029310139782295869
TIME	3	2048	512	universal	0	0	0	8	24877400	2665753721823226191
TIME	3	2048	512	universal	0	1	1	8	24198600	2665753721823226191
TIME	3	2048	512	universal	0	2	2	8	32423900	2665753721823226191
TIME	3	2048	512	universal	1	0	1	8	23360500	2665753721823226191
TIME	3	2048	512	universal	1	1	2	8	23899500	2665753721823226191
TIME	3	2048	512	universal	1	2	0	8	23217300	2665753721823226191
TIME	3	2048	512	universal	2	0	2	8	23801900	2665753721823226191
TIME	3	2048	512	universal	2	1	0	8	23737100	2665753721823226191
TIME	3	2048	512	universal	2	2	1	8	23461500	2665753721823226191
TIME	3	2048	512	universal	3	0	0	8	23563700	2665753721823226191
TIME	3	2048	512	universal	3	1	1	8	23180000	2665753721823226191
TIME	3	2048	512	universal	3	2	2	8	23954900	2665753721823226191
TIME	3	2048	512	universal	4	0	1	8	23207800	2665753721823226191
TIME	3	2048	512	universal	4	1	2	8	23054000	2665753721823226191
TIME	3	2048	512	universal	4	2	0	8	22984000	2665753721823226191
TIME	3	2048	512	universal	5	0	2	8	22643700	2665753721823226191
TIME	3	2048	512	universal	5	1	0	8	22854500	2665753721823226191
TIME	3	2048	512	universal	5	2	1	8	22918100	2665753721823226191
TIME	3	2048	512	universal	6	0	0	8	22984400	2665753721823226191
TIME	3	2048	512	universal	6	1	1	8	22879400	2665753721823226191
TIME	3	2048	512	universal	6	2	2	8	23648300	2665753721823226191
TIME	3	2048	512	universal	7	0	1	8	22761000	2665753721823226191
TIME	3	2048	512	universal	7	1	2	8	22795100	2665753721823226191
TIME	3	2048	512	universal	7	2	0	8	22795100	2665753721823226191
TIME	3	2048	512	universal	8	0	2	8	22891200	2665753721823226191
TIME	3	2048	512	universal	8	1	0	8	22832500	2665753721823226191
TIME	3	2048	512	universal	8	2	1	8	22907600	2665753721823226191
TIME	3	2048	512	repeated-source	0	0	0	8	1030700	12029310139782295869
TIME	3	2048	512	repeated-source	0	1	1	8	1012600	12029310139782295869
TIME	3	2048	512	repeated-source	0	2	2	8	1009600	12029310139782295869
TIME	3	2048	512	repeated-source	1	0	1	8	1009500	12029310139782295869
TIME	3	2048	512	repeated-source	1	1	2	8	1010500	12029310139782295869
TIME	3	2048	512	repeated-source	1	2	0	8	1009800	12029310139782295869
TIME	3	2048	512	repeated-source	2	0	2	8	1009100	12029310139782295869
TIME	3	2048	512	repeated-source	2	1	0	8	1009400	12029310139782295869
TIME	3	2048	512	repeated-source	2	2	1	8	1010100	12029310139782295869
TIME	3	2048	512	repeated-source	3	0	0	8	1009000	12029310139782295869
TIME	3	2048	512	repeated-source	3	1	1	8	1125200	12029310139782295869
TIME	3	2048	512	repeated-source	3	2	2	8	1009900	12029310139782295869
TIME	3	2048	512	repeated-source	4	0	1	8	1008900	12029310139782295869
TIME	3	2048	512	repeated-source	4	1	2	8	1009500	12029310139782295869
TIME	3	2048	512	repeated-source	4	2	0	8	1010300	12029310139782295869
TIME	3	2048	512	repeated-source	5	0	2	8	1009600	12029310139782295869
TIME	3	2048	512	repeated-source	5	1	0	8	1046400	12029310139782295869
TIME	3	2048	512	repeated-source	5	2	1	8	1009700	12029310139782295869
TIME	3	2048	512	repeated-source	6	0	0	8	1008600	12029310139782295869
TIME	3	2048	512	repeated-source	6	1	1	8	1009300	12029310139782295869
TIME	3	2048	512	repeated-source	6	2	2	8	1011300	12029310139782295869
TIME	3	2048	512	repeated-source	7	0	1	8	1009300	12029310139782295869
TIME	3	2048	512	repeated-source	7	1	2	8	1009200	12029310139782295869
TIME	3	2048	512	repeated-source	7	2	0	8	1009600	12029310139782295869
TIME	3	2048	512	repeated-source	8	0	2	8	1009000	12029310139782295869
TIME	3	2048	512	repeated-source	8	1	0	8	1009600	12029310139782295869
TIME	3	2048	512	repeated-source	8	2	1	8	1009400	12029310139782295869
