compiler,width,height,layout,form,processes,ns_per_call,process_spread_pct,original_over_form_median,original_over_form_min,original_over_form_max
dmd,31,17,contiguous,original,6,488.892,11.391,1.000000,1.000000,1.000000
dmd,31,17,contiguous,vector16safe,6,776.501,13.495,0.630040,0.618456,0.649992
dmd,31,17,contiguous,vector16store,6,543.213,11.151,0.904023,0.899501,0.926979
dmd,31,17,negative-both,original,6,723.083,11.338,1.000000,1.000000,1.000000
dmd,31,17,negative-both,vector16safe,6,865.466,13.656,0.835085,0.814812,0.835906
dmd,31,17,negative-both,vector16store,6,642.908,13.352,1.123930,1.104256,1.125413
dmd,31,17,negative-source,original,6,721.570,9.985,1.000000,1.000000,1.000000
dmd,31,17,negative-source,vector16safe,6,864.612,10.236,0.835235,0.816228,0.839515
dmd,31,17,negative-source,vector16store,6,646.094,9.942,1.119831,1.091649,1.132245
dmd,31,17,padded,original,6,721.045,11.235,1.000000,1.000000,1.000000
dmd,31,17,padded,vector16safe,6,871.106,12.822,0.836005,0.811102,0.850656
dmd,31,17,padded,vector16store,6,646.533,13.217,1.123936,1.096229,1.146795
dmd,31,17,repeated-source,original,6,716.882,8.456,1.000000,1.000000,1.000000
dmd,31,17,repeated-source,vector16safe,6,860.828,8.576,0.836307,0.817345,0.846619
dmd,31,17,repeated-source,vector16store,6,637.061,7.366,1.131052,1.114416,1.139674
dmd,31,17,universal,original,6,6904.187,10.521,1.000000,1.000000,1.000000
dmd,31,17,universal,vector16safe,6,6672.632,11.451,1.037268,1.028328,1.049961
dmd,31,17,universal,vector16store,6,6785.913,11.718,1.017747,1.011201,1.025672
dmd,256,128,contiguous,original,6,24721.484,7.058,1.000000,1.000000,1.000000
dmd,256,128,contiguous,vector16safe,6,53313.867,10.465,0.461995,0.446770,0.474347
dmd,256,128,contiguous,vector16store,6,10430.078,6.910,2.372895,2.340193,2.412267
dmd,256,128,negative-both,original,6,33038.672,8.607,1.000000,1.000000,1.000000
dmd,256,128,negative-both,vector16safe,6,54162.891,7.661,0.605586,0.598989,0.621235
dmd,256,128,negative-both,vector16store,6,10664.453,9.073,3.119907,3.067534,3.128600
dmd,256,128,negative-source,original,6,32201.367,7.999,1.000000,1.000000,1.000000
dmd,256,128,negative-source,vector16safe,6,52944.141,7.724,0.611715,0.603140,0.612804
dmd,256,128,negative-source,vector16store,6,10361.133,7.069,3.108225,3.103398,3.133141
dmd,256,128,padded,original,6,32666.602,7.133,1.000000,1.000000,1.000000
dmd,256,128,padded,vector16safe,6,52699.805,6.320,0.616080,0.603314,0.624234
dmd,256,128,padded,vector16store,6,10383.984,5.421,3.128640,3.096654,3.175748
dmd,256,128,repeated-source,original,6,33400.781,7.657,1.000000,1.000000,1.000000
dmd,256,128,repeated-source,vector16safe,6,54593.359,8.389,0.616878,0.608907,0.623780
dmd,256,128,repeated-source,vector16store,6,10516.211,9.769,3.157490,3.077332,3.209953
dmd,256,128,universal,original,6,411874.805,10.583,1.000000,1.000000,1.000000
dmd,256,128,universal,vector16safe,6,392962.109,6.686,1.062396,1.030171,1.105753
dmd,256,128,universal,vector16store,6,405388.477,7.786,1.023336,0.995426,1.057792
dmd,2048,512,contiguous,original,6,792362.500,11.485,1.000000,1.000000,1.000000
dmd,2048,512,contiguous,vector16safe,6,1742987.500,8.719,0.455942,0.443135,0.466391
dmd,2048,512,contiguous,vector16store,6,333668.750,36.177,2.374631,1.917478,2.381053
dmd,2048,512,negative-both,original,6,1077756.250,38.644,1.000000,1.000000,1.000000
dmd,2048,512,negative-both,vector16safe,6,1761362.500,20.202,0.605818,0.590493,0.701144
dmd,2048,512,negative-both,vector16store,6,350693.750,46.330,3.073201,2.925530,3.195798
dmd,2048,512,negative-source,original,6,1035056.250,15.288,1.000000,1.000000,1.000000
dmd,2048,512,negative-source,vector16safe,6,1727662.500,9.757,0.606148,0.590002,0.646587
dmd,2048,512,negative-source,vector16store,6,329887.500,32.227,3.107281,2.717640,3.184690
dmd,2048,512,padded,original,6,1042781.250,13.797,1.000000,1.000000,1.000000
dmd,2048,512,padded,vector16safe,6,1720762.500,17.608,0.599148,0.577384,0.610081
dmd,2048,512,padded,vector16store,6,341268.750,16.435,3.044957,2.962535,3.113679
dmd,2048,512,repeated-source,original,6,1028137.500,9.890,1.000000,1.000000,1.000000
dmd,2048,512,repeated-source,vector16safe,6,1713393.750,8.319,0.600083,0.591729,0.601758
dmd,2048,512,repeated-source,vector16store,6,330775.000,11.345,3.124276,3.044125,3.144333
dmd,2048,512,universal,original,6,13964831.250,13.290,1.000000,1.000000,1.000000
dmd,2048,512,universal,vector16safe,6,13139250.000,16.289,1.052896,1.032173,1.102839
dmd,2048,512,universal,vector16store,6,13625431.250,11.930,1.016730,0.979686,1.077058
ldc2,31,17,contiguous,original,6,146.423,10.488,1.000000,1.000000,1.000000
ldc2,31,17,contiguous,vector16safe,6,153.650,9.438,0.959168,0.928617,1.031015
ldc2,31,17,contiguous,vector16store,6,151.062,6.788,0.968635,0.925547,1.046067
ldc2,31,17,negative-both,original,6,307.727,8.553,1.000000,1.000000,1.000000
ldc2,31,17,negative-both,vector16safe,6,309.900,9.698,0.997006,0.989604,1.011059
ldc2,31,17,negative-both,vector16store,6,302.051,11.041,1.015215,1.004410,1.039853
ldc2,31,17,negative-source,original,6,303.101,9.054,1.000000,1.000000,1.000000
ldc2,31,17,negative-source,vector16safe,6,296.643,9.958,1.019406,1.008649,1.024800
ldc2,31,17,negative-source,vector16store,6,296.692,9.858,1.022306,1.013856,1.044185
ldc2,31,17,padded,original,6,195.447,9.531,1.000000,1.000000,1.000000
ldc2,31,17,padded,vector16safe,6,199.146,13.853,0.984171,0.963417,1.012768
ldc2,31,17,padded,vector16store,6,196.484,12.997,0.996580,0.976497,1.017360
ldc2,31,17,repeated-source,original,6,192.981,10.285,1.000000,1.000000,1.000000
ldc2,31,17,repeated-source,vector16safe,6,195.581,9.125,0.996811,0.964128,1.010186
ldc2,31,17,repeated-source,vector16store,6,191.321,10.119,1.007700,0.966377,1.031101
ldc2,31,17,universal,original,6,1584.998,14.796,1.000000,1.000000,1.000000
ldc2,31,17,universal,vector16safe,6,1590.002,13.164,1.003325,0.967441,1.031946
ldc2,31,17,universal,vector16store,6,1586.401,13.350,1.008471,0.991826,1.024537
ldc2,256,128,contiguous,original,6,4280.469,8.350,1.000000,1.000000,1.000000
ldc2,256,128,contiguous,vector16safe,6,4294.922,5.648,1.004257,0.983270,1.028863
ldc2,256,128,contiguous,vector16store,6,4250.781,6.083,1.005653,0.998002,1.020761
ldc2,256,128,negative-both,original,6,12235.352,17.240,1.000000,1.000000,1.000000
ldc2,256,128,negative-both,vector16safe,6,12261.914,13.444,1.003247,0.994028,1.045876
ldc2,256,128,negative-both,vector16store,6,12267.188,18.444,0.999005,0.990813,1.005935
ldc2,256,128,negative-source,original,6,12323.242,11.491,1.000000,1.000000,1.000000
ldc2,256,128,negative-source,vector16safe,6,12313.867,9.095,1.000712,0.987555,1.021632
ldc2,256,128,negative-source,vector16store,6,12358.789,36.209,0.997078,0.815140,1.005772
ldc2,256,128,padded,original,6,4355.469,7.587,1.000000,1.000000,1.000000
ldc2,256,128,padded,vector16safe,6,4338.867,8.859,1.000587,0.989532,1.008377
ldc2,256,128,padded,vector16store,6,4340.820,8.117,1.001799,0.996717,1.006314
ldc2,256,128,repeated-source,original,6,4331.836,6.348,1.000000,1.000000,1.000000
ldc2,256,128,repeated-source,vector16safe,6,4319.141,5.643,1.001455,0.988982,1.042230
ldc2,256,128,repeated-source,vector16store,6,4295.312,6.384,0.999268,0.988590,1.025077
ldc2,256,128,universal,original,6,98258.594,6.240,1.000000,1.000000,1.000000
ldc2,256,128,universal,vector16safe,6,96896.289,7.827,1.008132,0.991167,1.036210
ldc2,256,128,universal,vector16store,6,97008.594,8.715,1.009295,0.995221,1.030965
ldc2,2048,512,contiguous,original,6,148643.750,13.564,1.000000,1.000000,1.000000
ldc2,2048,512,contiguous,vector16safe,6,147231.250,14.323,1.004030,0.992390,1.018935
ldc2,2048,512,contiguous,vector16store,6,150237.500,9.468,1.010590,0.978155,1.039873
ldc2,2048,512,negative-both,original,6,377618.750,27.051,1.000000,1.000000,1.000000
ldc2,2048,512,negative-both,vector16safe,6,381406.250,20.621,1.004736,0.986791,1.063186
ldc2,2048,512,negative-both,vector16store,6,386431.250,14.721,0.993391,0.903697,1.101825
ldc2,2048,512,negative-source,original,6,373287.500,6.557,1.000000,1.000000,1.000000
ldc2,2048,512,negative-source,vector16safe,6,375306.250,5.839,0.995340,0.967710,1.002191
ldc2,2048,512,negative-source,vector16store,6,378893.750,7.469,1.001055,0.968372,1.009356
ldc2,2048,512,padded,original,6,149406.250,26.965,1.000000,1.000000,1.000000
ldc2,2048,512,padded,vector16safe,6,150868.750,21.003,0.981589,0.971289,1.055287
ldc2,2048,512,padded,vector16store,6,153431.250,32.840,0.974299,0.924560,1.022621
ldc2,2048,512,repeated-source,original,6,136968.750,11.846,1.000000,1.000000,1.000000
ldc2,2048,512,repeated-source,vector16safe,6,134831.250,18.644,0.999287,0.941186,1.033827
ldc2,2048,512,repeated-source,vector16store,6,137187.500,10.825,0.997880,0.972766,1.041023
ldc2,2048,512,universal,original,6,3161631.250,14.780,1.000000,1.000000,1.000000
ldc2,2048,512,universal,vector16safe,6,3132750.000,16.443,0.994013,0.977247,1.016214
ldc2,2048,512,universal,vector16store,6,3133912.500,14.351,1.006505,0.971926,1.026775
