TIME	1	31	17	contiguous	0	0	1	4096	446800	1997261506451498127
TIME	1	31	17	contiguous	0	1	2	4096	467000	1997261506451498127
TIME	1	31	17	contiguous	0	2	0	4096	391800	1997261506451498127
TIME	1	31	17	contiguous	1	0	2	4096	478800	1997261506451498127
TIME	1	31	17	contiguous	1	1	0	4096	392100	1997261506451498127
TIME	1	31	17	contiguous	1	2	1	4096	458800	1997261506451498127
TIME	1	31	17	contiguous	2	0	0	4096	390900	1997261506451498127
TIME	1	31	17	contiguous	2	1	1	4096	445700	1997261506451498127
TIME	1	31	17	contiguous	2	2	2	4096	459300	1997261506451498127
TIME	1	31	17	contiguous	3	0	1	4096	449300	1997261506451498127
TIME	1	31	17	contiguous	3	1	2	4096	458600	1997261506451498127
TIME	1	31	17	contiguous	3	2	0	4096	390800	1997261506451498127
TIME	1	31	17	contiguous	4	0	2	4096	458700	1997261506451498127
TIME	1	31	17	contiguous	4	1	0	4096	493000	1997261506451498127
TIME	1	31	17	contiguous	4	2	1	4096	582400	1997261506451498127
TIME	1	31	17	contiguous	5	0	0	4096	392200	1997261506451498127
TIME	1	31	17	contiguous	5	1	1	4096	604600	1997261506451498127
TIME	1	31	17	contiguous	5	2	2	4096	446400	1997261506451498127
TIME	1	31	17	contiguous	6	0	1	4096	461000	1997261506451498127
TIME	1	31	17	contiguous	6	1	2	4096	448000	1997261506451498127
TIME	1	31	17	contiguous	6	2	0	4096	391500	1997261506451498127
TIME	1	31	17	contiguous	7	0	2	4096	511700	1997261506451498127
TIME	1	31	17	contiguous	7	1	0	4096	390400	1997261506451498127
TIME	1	31	17	contiguous	7	2	1	4096	462900	1997261506451498127
TIME	1	31	17	contiguous	8	0	0	4096	390900	1997261506451498127
TIME	1	31	17	contiguous	8	1	1	4096	462300	1997261506451498127
TIME	1	31	17	contiguous	8	2	2	4096	449900	1997261506451498127
TIME	1	31	17	padded	0	0	1	4096	582000	6493053110747192463
TIME	1	31	17	padded	0	1	2	4096	571600	6493053110747192463
TIME	1	31	17	padded	0	2	0	4096	560600	6493053110747192463
TIME	1	31	17	padded	1	0	2	4096	575000	6493053110747192463
TIME	1	31	17	padded	1	1	0	4096	547100	6493053110747192463
TIME	1	31	17	padded	1	2	1	4096	582600	6493053110747192463
TIME	1	31	17	padded	2	0	0	4096	530200	6493053110747192463
TIME	1	31	17	padded	2	1	1	4096	583000	6493053110747192463
TIME	1	31	17	padded	2	2	2	4096	568800	6493053110747192463
TIME	1	31	17	padded	3	0	1	4096	633200	6493053110747192463
TIME	1	31	17	padded	3	1	2	4096	589100	6493053110747192463
TIME	1	31	17	padded	3	2	0	4096	530500	6493053110747192463
TIME	1	31	17	padded	4	0	2	4096	588000	6493053110747192463
TIME	1	31	17	padded	4	1	0	4096	532000	6493053110747192463
TIME	1	31	17	padded	4	2	1	4096	583900	6493053110747192463
TIME	1	31	17	padded	5	0	0	4096	530400	6493053110747192463
TIME	1	31	17	padded	5	1	1	4096	595200	6493053110747192463
TIME	1	31	17	padded	5	2	2	4096	572600	6493053110747192463
TIME	1	31	17	padded	6	0	1	4096	618300	6493053110747192463
TIME	1	31	17	padded	6	1	2	4096	586500	6493053110747192463
TIME	1	31	17	padded	6	2	0	4096	535900	6493053110747192463
TIME	1	31	17	padded	7	0	2	4096	589200	6493053110747192463
TIME	1	31	17	padded	7	1	0	4096	530600	6493053110747192463
TIME	1	31	17	padded	7	2	1	4096	600700	6493053110747192463
TIME	1	31	17	padded	8	0	0	4096	541900	6493053110747192463
TIME	1	31	17	padded	8	1	1	4096	570700	6493053110747192463
TIME	1	31	17	padded	8	2	2	4096	587900	6493053110747192463
TIME	1	31	17	negative-source	0	0	1	4096	1093100	6493053110747192463
TIME	1	31	17	negative-source	0	1	2	4096	1111400	6493053110747192463
TIME	1	31	17	negative-source	0	2	0	4096	1099500	6493053110747192463
TIME	1	31	17	negative-source	1	0	2	4096	1107100	6493053110747192463
TIME	1	31	17	negative-source	1	1	0	4096	1101100	6493053110747192463
TIME	1	31	17	negative-source	1	2	1	4096	1118200	6493053110747192463
TIME	1	31	17	negative-source	2	0	0	4096	1105500	6493053110747192463
TIME	1	31	17	negative-source	2	1	1	4096	1111800	6493053110747192463
TIME	1	31	17	negative-source	2	2	2	4096	1117500	6493053110747192463
TIME	1	31	17	negative-source	3	0	1	4096	1098500	6493053110747192463
TIME	1	31	17	negative-source	3	1	2	4096	1100400	6493053110747192463
TIME	1	31	17	negative-source	3	2	0	4096	1105600	6493053110747192463
TIME	1	31	17	negative-source	4	0	2	4096	1207000	6493053110747192463
TIME	1	31	17	negative-source	4	1	0	4096	1161700	6493053110747192463
TIME	1	31	17	negative-source	4	2	1	4096	1114800	6493053110747192463
TIME	1	31	17	negative-source	5	0	0	4096	1101600	6493053110747192463
TIME	1	31	17	negative-source	5	1	1	4096	1119900	6493053110747192463
TIME	1	31	17	negative-source	5	2	2	4096	1102500	6493053110747192463
TIME	1	31	17	negative-source	6	0	1	4096	1095900	6493053110747192463
TIME	1	31	17	negative-source	6	1	2	4096	1113000	6493053110747192463
TIME	1	31	17	negative-source	6	2	0	4096	1099800	6493053110747192463
TIME	1	31	17	negative-source	7	0	2	4096	1101300	6493053110747192463
TIME	1	31	17	negative-source	7	1	0	4096	1098900	6493053110747192463
TIME	1	31	17	negative-source	7	2	1	4096	1120500	6493053110747192463
TIME	1	31	17	negative-source	8	0	0	4096	1094300	6493053110747192463
TIME	1	31	17	negative-source	8	1	1	4096	1095000	6493053110747192463
TIME	1	31	17	negative-source	8	2	2	4096	1113100	6493053110747192463
TIME	1	31	17	negative-both	0	0	1	4096	1197800	12127473997393222799
TIME	1	31	17	negative-both	0	1	2	4096	1183600	12127473997393222799
TIME	1	31	17	negative-both	0	2	0	4096	1118600	12127473997393222799
TIME	1	31	17	negative-both	1	0	2	4096	1113600	12127473997393222799
TIME	1	31	17	negative-both	1	1	0	4096	1069600	12127473997393222799
TIME	1	31	17	negative-both	1	2	1	4096	1096200	12127473997393222799
TIME	1	31	17	negative-both	2	0	0	4096	1123400	12127473997393222799
TIME	1	31	17	negative-both	2	1	1	4096	1094700	12127473997393222799
TIME	1	31	17	negative-both	2	2	2	4096	1098500	12127473997393222799
TIME	1	31	17	negative-both	3	0	1	4096	1096500	12127473997393222799
TIME	1	31	17	negative-both	3	1	2	4096	1107500	12127473997393222799
TIME	1	31	17	negative-both	3	2	0	4096	1098300	12127473997393222799
TIME	1	31	17	negative-both	4	0	2	4096	1098700	12127473997393222799
TIME	1	31	17	negative-both	4	1	0	4096	1111800	12127473997393222799
TIME	1	31	17	negative-both	4	2	1	4096	1111200	12127473997393222799
TIME	1	31	17	negative-both	5	0	0	4096	1093000	12127473997393222799
TIME	1	31	17	negative-both	5	1	1	4096	1095600	12127473997393222799
TIME	1	31	17	negative-both	5	2	2	4096	1107500	12127473997393222799
TIME	1	31	17	negative-both	6	0	1	4096	1099300	12127473997393222799
TIME	1	31	17	negative-both	6	1	2	4096	1099900	12127473997393222799
TIME	1	31	17	negative-both	6	2	0	4096	1088600	12127473997393222799
TIME	1	31	17	negative-both	7	0	2	4096	1111300	12127473997393222799
TIME	1	31	17	negative-both	7	1	0	4096	1094100	12127473997393222799
TIME	1	31	17	negative-both	7	2	1	4096	1097900	12127473997393222799
TIME	1	31	17	negative-both	8	0	0	4096	1112600	12127473997393222799
TIME	1	31	17	negative-both	8	1	1	4096	1092000	12127473997393222799
TIME	1	31	17	negative-both	8	2	2	4096	1097800	12127473997393222799
TIME	1	31	17	universal	0	0	1	4096	5024700	10497885831614451383
TIME	1	31	17	universal	0	1	2	4096	5073200	10497885831614451383
TIME	1	31	17	universal	0	2	0	4096	5000000	10497885831614451383
TIME	1	31	17	universal	1	0	2	4096	4970700	10497885831614451383
TIME	1	31	17	universal	1	1	0	4096	5007500	10497885831614451383
TIME	1	31	17	universal	1	2	1	4096	4986400	10497885831614451383
TIME	1	31	17	universal	2	0	0	4096	4967500	10497885831614451383
TIME	1	31	17	universal	2	1	1	4096	4975700	10497885831614451383
TIME	1	31	17	universal	2	2	2	4096	4990800	10497885831614451383
TIME	1	31	17	universal	3	0	1	4096	4990200	10497885831614451383
TIME	1	31	17	universal	3	1	2	4096	5278600	10497885831614451383
TIME	1	31	17	universal	3	2	0	4096	4997100	10497885831614451383
TIME	1	31	17	universal	4	0	2	4096	5018500	10497885831614451383
TIME	1	31	17	universal	4	1	0	4096	5012900	10497885831614451383
TIME	1	31	17	universal	4	2	1	4096	4961100	10497885831614451383
TIME	1	31	17	universal	5	0	0	4096	5013400	10497885831614451383
TIME	1	31	17	universal	5	1	1	4096	4980800	10497885831614451383
TIME	1	31	17	universal	5	2	2	4096	5316700	10497885831614451383
TIME	1	31	17	universal	6	0	1	4096	4997400	10497885831614451383
TIME	1	31	17	universal	6	1	2	4096	4992600	10497885831614451383
TIME	1	31	17	universal	6	2	0	4096	5306100	10497885831614451383
TIME	1	31	17	universal	7	0	2	4096	5028400	10497885831614451383
TIME	1	31	17	universal	7	1	0	4096	4977300	10497885831614451383
TIME	1	31	17	universal	7	2	1	4096	5037000	10497885831614451383
TIME	1	31	17	universal	8	0	0	4096	5077000	10497885831614451383
TIME	1	31	17	universal	8	1	1	4096	5008000	10497885831614451383
TIME	1	31	17	universal	8	2	2	4096	4982500	10497885831614451383
TIME	1	31	17	repeated-source	0	0	1	4096	585100	10620832352286596239
TIME	1	31	17	repeated-source	0	1	2	4096	570900	10620832352286596239
TIME	1	31	17	repeated-source	0	2	0	4096	553900	10620832352286596239
TIME	1	31	17	repeated-source	1	0	2	4096	568500	10620832352286596239
TIME	1	31	17	repeated-source	1	1	0	4096	544400	10620832352286596239
TIME	1	31	17	repeated-source	1	2	1	4096	579200	10620832352286596239
TIME	1	31	17	repeated-source	2	0	0	4096	523500	10620832352286596239
TIME	1	31	17	repeated-source	2	1	1	4096	579000	10620832352286596239
TIME	1	31	17	repeated-source	2	2	2	4096	567700	10620832352286596239
TIME	1	31	17	repeated-source	3	0	1	4096	597300	10620832352286596239
TIME	1	31	17	repeated-source	3	1	2	4096	570400	10620832352286596239
TIME	1	31	17	repeated-source	3	2	0	4096	543000	10620832352286596239
TIME	1	31	17	repeated-source	4	0	2	4096	580800	10620832352286596239
TIME	1	31	17	repeated-source	4	1	0	4096	526700	10620832352286596239
TIME	1	31	17	repeated-source	4	2	1	4096	582000	10620832352286596239
TIME	1	31	17	repeated-source	5	0	0	4096	525400	10620832352286596239
TIME	1	31	17	repeated-source	5	1	1	4096	593800	10620832352286596239
TIME	1	31	17	repeated-source	5	2	2	4096	571000	10620832352286596239
TIME	1	31	17	repeated-source	6	0	1	4096	581600	10620832352286596239
TIME	1	31	17	repeated-source	6	1	2	4096	580500	10620832352286596239
TIME	1	31	17	repeated-source	6	2	0	4096	527200	10620832352286596239
TIME	1	31	17	repeated-source	7	0	2	4096	580600	10620832352286596239
TIME	1	31	17	repeated-source	7	1	0	4096	527200	10620832352286596239
TIME	1	31	17	repeated-source	7	2	1	4096	596000	10620832352286596239
TIME	1	31	17	repeated-source	8	0	0	4096	527900	10620832352286596239
TIME	1	31	17	repeated-source	8	1	1	4096	575900	10620832352286596239
TIME	1	31	17	repeated-source	8	2	2	4096	578500	10620832352286596239
TIME	1	256	128	contiguous	0	0	1	256	754200	10294141164518985661
TIME	1	256	128	contiguous	0	1	2	256	747400	10294141164518985661
TIME	1	256	128	contiguous	0	2	0	256	766600	10294141164518985661
TIME	1	256	128	contiguous	1	0	2	256	762900	10294141164518985661
TIME	1	256	128	contiguous	1	1	0	256	751400	10294141164518985661
TIME	1	256	128	contiguous	1	2	1	256	753900	10294141164518985661
TIME	1	256	128	contiguous	2	0	0	256	749200	10294141164518985661
TIME	1	256	128	contiguous	2	1	1	256	739400	10294141164518985661
TIME	1	256	128	contiguous	2	2	2	256	746700	10294141164518985661
TIME	1	256	128	contiguous	3	0	1	256	752000	10294141164518985661
TIME	1	256	128	contiguous	3	1	2	256	760000	10294141164518985661
TIME	1	256	128	contiguous	3	2	0	256	764200	10294141164518985661
TIME	1	256	128	contiguous	4	0	2	256	761900	10294141164518985661
TIME	1	256	128	contiguous	4	1	0	256	1375200	10294141164518985661
TIME	1	256	128	contiguous	4	2	1	256	755100	10294141164518985661
TIME	1	256	128	contiguous	5	0	0	256	766300	10294141164518985661
TIME	1	256	128	contiguous	5	1	1	256	755700	10294141164518985661
TIME	1	256	128	contiguous	5	2	2	256	1476100	10294141164518985661
TIME	1	256	128	contiguous	6	0	1	256	755600	10294141164518985661
TIME	1	256	128	contiguous	6	1	2	256	777800	10294141164518985661
TIME	1	256	128	contiguous	6	2	0	256	751600	10294141164518985661
TIME	1	256	128	contiguous	7	0	2	256	758600	10294141164518985661
TIME	1	256	128	contiguous	7	1	0	256	749700	10294141164518985661
TIME	1	256	128	contiguous	7	2	1	256	739300	10294141164518985661
TIME	1	256	128	contiguous	8	0	0	256	749900	10294141164518985661
TIME	1	256	128	contiguous	8	1	1	256	752700	10294141164518985661
TIME	1	256	128	contiguous	8	2	2	256	762000	10294141164518985661
TIME	1	256	128	padded	0	0	1	256	763400	10201906116227412285
TIME	1	256	128	padded	0	1	2	256	775200	10201906116227412285
TIME	1	256	128	padded	0	2	0	256	770000	10201906116227412285
TIME	1	256	128	padded	1	0	2	256	761500	10201906116227412285
TIME	1	256	128	padded	1	1	0	256	769300	10201906116227412285
TIME	1	256	128	padded	1	2	1	256	749300	10201906116227412285
TIME	1	256	128	padded	2	0	0	256	778300	10201906116227412285
TIME	1	256	128	padded	2	1	1	256	762100	10201906116227412285
TIME	1	256	128	padded	2	2	2	256	760600	10201906116227412285
TIME	1	256	128	padded	3	0	1	256	760800	10201906116227412285
TIME	1	256	128	padded	3	1	2	256	775100	10201906116227412285
TIME	1	256	128	padded	3	2	0	256	771600	10201906116227412285
TIME	1	256	128	padded	4	0	2	256	760300	10201906116227412285
TIME	1	256	128	padded	4	1	0	256	759100	10201906116227412285
TIME	1	256	128	padded	4	2	1	256	749300	10201906116227412285
TIME	1	256	128	padded	5	0	0	256	782600	10201906116227412285
TIME	1	256	128	padded	5	1	1	256	809900	10201906116227412285
TIME	1	256	128	padded	5	2	2	256	761400	10201906116227412285
TIME	1	256	128	padded	6	0	1	256	763000	10201906116227412285
TIME	1	256	128	padded	6	1	2	256	775000	10201906116227412285
TIME	1	256	128	padded	6	2	0	256	769500	10201906116227412285
TIME	1	256	128	padded	7	0	2	256	749200	10201906116227412285
TIME	1	256	128	padded	7	1	0	256	756300	10201906116227412285
TIME	1	256	128	padded	7	2	1	256	764400	10201906116227412285
TIME	1	256	128	padded	8	0	0	256	783200	10201906116227412285
TIME	1	256	128	padded	8	1	1	256	761000	10201906116227412285
TIME	1	256	128	padded	8	2	2	256	768000	10201906116227412285
TIME	1	256	128	negative-source	0	0	1	256	3484400	10201906116227412285
TIME	1	256	128	negative-source	0	1	2	256	3418900	10201906116227412285
TIME	1	256	128	negative-source	0	2	0	256	3415900	10201906116227412285
TIME	1	256	128	negative-source	1	0	2	256	3448800	10201906116227412285
TIME	1	256	128	negative-source	1	1	0	256	3466300	10201906116227412285
TIME	1	256	128	negative-source	1	2	1	256	3491700	10201906116227412285
TIME	1	256	128	negative-source	2	0	0	256	3429400	10201906116227412285
TIME	1	256	128	negative-source	2	1	1	256	3489300	10201906116227412285
TIME	1	256	128	negative-source	2	2	2	256	3465500	10201906116227412285
TIME	1	256	128	negative-source	3	0	1	256	3646400	10201906116227412285
TIME	1	256	128	negative-source	3	1	2	256	3499700	10201906116227412285
TIME	1	256	128	negative-source	3	2	0	256	3460300	10201906116227412285
TIME	1	256	128	negative-source	4	0	2	256	3496600	10201906116227412285
TIME	1	256	128	negative-source	4	1	0	256	3457800	10201906116227412285
TIME	1	256	128	negative-source	4	2	1	256	3476900	10201906116227412285
TIME	1	256	128	negative-source	5	0	0	256	3510500	10201906116227412285
TIME	1	256	128	negative-source	5	1	1	256	3444600	10201906116227412285
TIME	1	256	128	negative-source	5	2	2	256	3494300	10201906116227412285
TIME	1	256	128	negative-source	6	0	1	256	3455300	10201906116227412285
TIME	1	256	128	negative-source	6	1	2	256	3594400	10201906116227412285
TIME	1	256	128	negative-source	6	2	0	256	3560500	10201906116227412285
TIME	1	256	128	negative-source	7	0	2	256	3483200	10201906116227412285
TIME	1	256	128	negative-source	7	1	0	256	3462100	10201906116227412285
TIME	1	256	128	negative-source	7	2	1	256	3467600	10201906116227412285
TIME	1	256	128	negative-source	8	0	0	256	3546800	10201906116227412285
TIME	1	256	128	negative-source	8	1	1	256	3554300	10201906116227412285
TIME	1	256	128	negative-source	8	2	2	256	3442200	10201906116227412285
TIME	1	256	128	negative-both	0	0	1	256	3551400	10201906116227412285
TIME	1	256	128	negative-both	0	1	2	256	3525600	10201906116227412285
TIME	1	256	128	negative-both	0	2	0	256	3557500	10201906116227412285
TIME	1	256	128	negative-both	1	0	2	256	3582500	10201906116227412285
TIME	1	256	128	negative-both	1	1	0	256	3545400	10201906116227412285
TIME	1	256	128	negative-both	1	2	1	256	3593500	10201906116227412285
TIME	1	256	128	negative-both	2	0	0	256	3561800	10201906116227412285
TIME	1	256	128	negative-both	2	1	1	256	3543600	10201906116227412285
TIME	1	256	128	negative-both	2	2	2	256	3557500	10201906116227412285
TIME	1	256	128	negative-both	3	0	1	256	3581200	10201906116227412285
TIME	1	256	128	negative-both	3	1	2	256	3895600	10201906116227412285
TIME	1	256	128	negative-both	3	2	0	256	3554800	10201906116227412285
TIME	1	256	128	negative-both	4	0	2	256	3501300	10201906116227412285
TIME	1	256	128	negative-both	4	1	0	256	3500900	10201906116227412285
TIME	1	256	128	negative-both	4	2	1	256	3810600	10201906116227412285
TIME	1	256	128	negative-both	5	0	0	256	3550300	10201906116227412285
TIME	1	256	128	negative-both	5	1	1	256	3494100	10201906116227412285
TIME	1	256	128	negative-both	5	2	2	256	3490700	10201906116227412285
TIME	1	256	128	negative-both	6	0	1	256	3504200	10201906116227412285
TIME	1	256	128	negative-both	6	1	2	256	3484200	10201906116227412285
TIME	1	256	128	negative-both	6	2	0	256	3528700	10201906116227412285
TIME	1	256	128	negative-both	7	0	2	256	3510100	10201906116227412285
TIME	1	256	128	negative-both	7	1	0	256	3516900	10201906116227412285
TIME	1	256	128	negative-both	7	2	1	256	3506100	10201906116227412285
TIME	1	256	128	negative-both	8	0	0	256	3486100	10201906116227412285
TIME	1	256	128	negative-both	8	1	1	256	3490700	10201906116227412285
TIME	1	256	128	negative-both	8	2	2	256	3492300	10201906116227412285
TIME	1	256	128	universal	0	0	1	256	19122100	11061319352818182479
TIME	1	256	128	universal	0	1	2	256	18907900	11061319352818182479
TIME	1	256	128	universal	0	2	0	256	19150200	11061319352818182479
TIME	1	256	128	universal	1	0	2	256	18978100	11061319352818182479
TIME	1	256	128	universal	1	1	0	256	19082000	11061319352818182479
TIME	1	256	128	universal	1	2	1	256	18938900	11061319352818182479
TIME	1	256	128	universal	2	0	0	256	18943600	11061319352818182479
TIME	1	256	128	universal	2	1	1	256	19166100	11061319352818182479
TIME	1	256	128	universal	2	2	2	256	18931800	11061319352818182479
TIME	1	256	128	universal	3	0	1	256	19411900	11061319352818182479
TIME	1	256	128	universal	3	1	2	256	19379100	11061319352818182479
TIME	1	256	128	universal	3	2	0	256	19060600	11061319352818182479
TIME	1	256	128	universal	4	0	2	256	19257500	11061319352818182479
TIME	1	256	128	universal	4	1	0	256	18943000	11061319352818182479
TIME	1	256	128	universal	4	2	1	256	18986000	11061319352818182479
TIME	1	256	128	universal	5	0	0	256	19189300	11061319352818182479
TIME	1	256	128	universal	5	1	1	256	18923100	11061319352818182479
TIME	1	256	128	universal	5	2	2	256	18967300	11061319352818182479
TIME	1	256	128	universal	6	0	1	256	19324000	11061319352818182479
TIME	1	256	128	universal	6	1	2	256	19070600	11061319352818182479
TIME	1	256	128	universal	6	2	0	256	19115000	11061319352818182479
TIME	1	256	128	universal	7	0	2	256	18957900	11061319352818182479
TIME	1	256	128	universal	7	1	0	256	19327200	11061319352818182479
TIME	1	256	128	universal	7	2	1	256	19376300	11061319352818182479
TIME	1	256	128	universal	8	0	0	256	19016700	11061319352818182479
TIME	1	256	128	universal	8	1	1	256	19079800	11061319352818182479
TIME	1	256	128	universal	8	2	2	256	19230700	11061319352818182479
TIME	1	256	128	repeated-source	0	0	1	256	751600	10201906116227412285
TIME	1	256	128	repeated-source	0	1	2	256	764700	10201906116227412285
TIME	1	256	128	repeated-source	0	2	0	256	770000	10201906116227412285
TIME	1	256	128	repeated-source	1	0	2	256	762100	10201906116227412285
TIME	1	256	128	repeated-source	1	1	0	256	769700	10201906116227412285
TIME	1	256	128	repeated-source	1	2	1	256	760000	10201906116227412285
TIME	1	256	128	repeated-source	2	0	0	256	756800	10201906116227412285
TIME	1	256	128	repeated-source	2	1	1	256	747700	10201906116227412285
TIME	1	256	128	repeated-source	2	2	2	256	760900	10201906116227412285
TIME	1	256	128	repeated-source	3	0	1	256	763900	10201906116227412285
TIME	1	256	128	repeated-source	3	1	2	256	773700	10201906116227412285
TIME	1	256	128	repeated-source	3	2	0	256	767600	10201906116227412285
TIME	1	256	128	repeated-source	4	0	2	256	749500	10201906116227412285
TIME	1	256	128	repeated-source	4	1	0	256	767500	10201906116227412285
TIME	1	256	128	repeated-source	4	2	1	256	762500	10201906116227412285
TIME	1	256	128	repeated-source	5	0	0	256	781600	10201906116227412285
TIME	1	256	128	repeated-source	5	1	1	256	763900	10201906116227412285
TIME	1	256	128	repeated-source	5	2	2	256	761100	10201906116227412285
TIME	1	256	128	repeated-source	6	0	1	256	747300	10201906116227412285
TIME	1	256	128	repeated-source	6	1	2	256	761200	10201906116227412285
TIME	1	256	128	repeated-source	6	2	0	256	780700	10201906116227412285
TIME	1	256	128	repeated-source	7	0	2	256	761000	10201906116227412285
TIME	1	256	128	repeated-source	7	1	0	256	770300	10201906116227412285
TIME	1	256	128	repeated-source	7	2	1	256	763100	10201906116227412285
TIME	1	256	128	repeated-source	8	0	0	256	753800	10201906116227412285
TIME	1	256	128	repeated-source	8	1	1	256	773300	10201906116227412285
TIME	1	256	128	repeated-source	8	2	2	256	764100	10201906116227412285
TIME	1	2048	512	contiguous	0	0	1	8	749700	9813455805838741437
TIME	1	2048	512	contiguous	0	1	2	8	760700	9813455805838741437
TIME	1	2048	512	contiguous	0	2	0	8	1831600	9813455805838741437
TIME	1	2048	512	contiguous	1	0	2	8	758700	9813455805838741437
TIME	1	2048	512	contiguous	1	1	0	8	729600	9813455805838741437
TIME	1	2048	512	contiguous	1	2	1	8	826200	9813455805838741437
TIME	1	2048	512	contiguous	2	0	0	8	755200	9813455805838741437
TIME	1	2048	512	contiguous	2	1	1	8	745100	9813455805838741437
TIME	1	2048	512	contiguous	2	2	2	8	735700	9813455805838741437
TIME	1	2048	512	contiguous	3	0	1	8	857600	9813455805838741437
TIME	1	2048	512	contiguous	3	1	2	8	752900	9813455805838741437
TIME	1	2048	512	contiguous	3	2	0	8	752200	9813455805838741437
TIME	1	2048	512	contiguous	4	0	2	8	736100	9813455805838741437
TIME	1	2048	512	contiguous	4	1	0	8	767800	9813455805838741437
TIME	1	2048	512	contiguous	4	2	1	8	756900	9813455805838741437
TIME	1	2048	512	contiguous	5	0	0	8	749900	9813455805838741437
TIME	1	2048	512	contiguous	5	1	1	8	729200	9813455805838741437
TIME	1	2048	512	contiguous	5	2	2	8	748900	9813455805838741437
TIME	1	2048	512	contiguous	6	0	1	8	741300	9813455805838741437
TIME	1	2048	512	contiguous	6	1	2	8	730000	9813455805838741437
TIME	1	2048	512	contiguous	6	2	0	8	750000	9813455805838741437
TIME	1	2048	512	contiguous	7	0	2	8	745900	9813455805838741437
TIME	1	2048	512	contiguous	7	1	0	8	750300	9813455805838741437
TIME	1	2048	512	contiguous	7	2	1	8	730400	9813455805838741437
TIME	1	2048	512	contiguous	8	0	0	8	752400	9813455805838741437
TIME	1	2048	512	contiguous	8	1	1	8	747200	9813455805838741437
TIME	1	2048	512	contiguous	8	2	2	8	748600	9813455805838741437
TIME	1	2048	512	padded	0	0	1	8	731400	12029310139782295869
TIME	1	2048	512	padded	0	1	2	8	777100	12029310139782295869
TIME	1	2048	512	padded	0	2	0	8	784000	12029310139782295869
TIME	1	2048	512	padded	1	0	2	8	784900	12029310139782295869
TIME	1	2048	512	padded	1	1	0	8	783400	12029310139782295869
TIME	1	2048	512	padded	1	2	1	8	740400	12029310139782295869
TIME	1	2048	512	padded	2	0	0	8	750200	12029310139782295869
TIME	1	2048	512	padded	2	1	1	8	2125500	12029310139782295869
TIME	1	2048	512	padded	2	2	2	8	1857900	12029310139782295869
TIME	1	2048	512	padded	3	0	1	8	755600	12029310139782295869
TIME	1	2048	512	padded	3	1	2	8	1165500	12029310139782295869
TIME	1	2048	512	padded	3	2	0	8	771400	12029310139782295869
TIME	1	2048	512	padded	4	0	2	8	747100	12029310139782295869
TIME	1	2048	512	padded	4	1	0	8	759900	12029310139782295869
TIME	1	2048	512	padded	4	2	1	8	740200	12029310139782295869
TIME	1	2048	512	padded	5	0	0	8	773500	12029310139782295869
TIME	1	2048	512	padded	5	1	1	8	784900	12029310139782295869
TIME	1	2048	512	padded	5	2	2	8	763500	12029310139782295869
TIME	1	2048	512	padded	6	0	1	8	765900	12029310139782295869
TIME	1	2048	512	padded	6	1	2	8	729900	12029310139782295869
TIME	1	2048	512	padded	6	2	0	8	759000	12029310139782295869
TIME	1	2048	512	padded	7	0	2	8	743800	12029310139782295869
TIME	1	2048	512	padded	7	1	0	8	765700	12029310139782295869
TIME	1	2048	512	padded	7	2	1	8	758000	12029310139782295869
TIME	1	2048	512	padded	8	0	0	8	751300	12029310139782295869
TIME	1	2048	512	padded	8	1	1	8	756400	12029310139782295869
TIME	1	2048	512	padded	8	2	2	8	745800	12029310139782295869
TIME	1	2048	512	negative-source	0	0	1	8	3445700	12029310139782295869
TIME	1	2048	512	negative-source	0	1	2	8	3394300	12029310139782295869
TIME	1	2048	512	negative-source	0	2	0	8	3452500	12029310139782295869
TIME	1	2048	512	negative-source	1	0	2	8	3409900	12029310139782295869
TIME	1	2048	512	negative-source	1	1	0	8	3457500	12029310139782295869
TIME	1	2048	512	negative-source	1	2	1	8	3438900	12029310139782295869
TIME	1	2048	512	negative-source	2	0	0	8	3437600	12029310139782295869
TIME	1	2048	512	negative-source	2	1	1	8	3406700	12029310139782295869
TIME	1	2048	512	negative-source	2	2	2	8	3415800	12029310139782295869
TIME	1	2048	512	negative-source	3	0	1	8	3453500	12029310139782295869
TIME	1	2048	512	negative-source	3	1	2	8	3410800	12029310139782295869
TIME	1	2048	512	negative-source	3	2	0	8	3444100	12029310139782295869
TIME	1	2048	512	negative-source	4	0	2	8	3407900	12029310139782295869
TIME	1	2048	512	negative-source	4	1	0	8	3447000	12029310139782295869
TIME	1	2048	512	negative-source	4	2	1	8	3418200	12029310139782295869
TIME	1	2048	512	negative-source	5	0	0	8	3445400	12029310139782295869
TIME	1	2048	512	negative-source	5	1	1	8	3525000	12029310139782295869
TIME	1	2048	512	negative-source	5	2	2	8	3542700	12029310139782295869
TIME	1	2048	512	negative-source	6	0	1	8	3451300	12029310139782295869
TIME	1	2048	512	negative-source	6	1	2	8	5635600	12029310139782295869
TIME	1	2048	512	negative-source	6	2	0	8	4851600	12029310139782295869
TIME	1	2048	512	negative-source	7	0	2	8	3485100	12029310139782295869
TIME	1	2048	512	negative-source	7	1	0	8	3550100	12029310139782295869
TIME	1	2048	512	negative-source	7	2	1	8	3746200	12029310139782295869
TIME	1	2048	512	negative-source	8	0	0	8	3558500	12029310139782295869
TIME	1	2048	512	negative-source	8	1	1	8	3420000	12029310139782295869
TIME	1	2048	512	negative-source	8	2	2	8	3449500	12029310139782295869
TIME	1	2048	512	negative-both	0	0	1	8	3479000	12029310139782295869
TIME	1	2048	512	negative-both	0	1	2	8	3448800	12029310139782295869
TIME	1	2048	512	negative-both	0	2	0	8	3474700	12029310139782295869
TIME	1	2048	512	negative-both	1	0	2	8	3452000	12029310139782295869
TIME	1	2048	512	negative-both	1	1	0	8	3559700	12029310139782295869
TIME	1	2048	512	negative-both	1	2	1	8	3491200	12029310139782295869
TIME	1	2048	512	negative-both	2	0	0	8	3473800	12029310139782295869
TIME	1	2048	512	negative-both	2	1	1	8	3483500	12029310139782295869
TIME	1	2048	512	negative-both	2	2	2	8	3493300	12029310139782295869
TIME	1	2048	512	negative-both	3	0	1	8	3459800	12029310139782295869
TIME	1	2048	512	negative-both	3	1	2	8	3497300	12029310139782295869
TIME	1	2048	512	negative-both	3	2	0	8	3464900	12029310139782295869
TIME	1	2048	512	negative-both	4	0	2	8	3490900	12029310139782295869
TIME	1	2048	512	negative-both	4	1	0	8	3472200	12029310139782295869
TIME	1	2048	512	negative-both	4	2	1	8	3469400	12029310139782295869
TIME	1	2048	512	negative-both	5	0	0	8	3491200	12029310139782295869
TIME	1	2048	512	negative-both	5	1	1	8	3495100	12029310139782295869
TIME	1	2048	512	negative-both	5	2	2	8	3458300	12029310139782295869
TIME	1	2048	512	negative-both	6	0	1	8	3496800	12029310139782295869
TIME	1	2048	512	negative-both	6	1	2	8	3472700	12029310139782295869
TIME	1	2048	512	negative-both	6	2	0	8	3488300	12029310139782295869
TIME	1	2048	512	negative-both	7	0	2	8	3473200	12029310139782295869
TIME	1	2048	512	negative-both	7	1	0	8	3485200	12029310139782295869
TIME	1	2048	512	negative-both	7	2	1	8	3478000	12029310139782295869
TIME	1	2048	512	negative-both	8	0	0	8	3477700	12029310139782295869
TIME	1	2048	512	negative-both	8	1	1	8	3455800	12029310139782295869
TIME	1	2048	512	negative-both	8	2	2	8	3543300	12029310139782295869
TIME	1	2048	512	universal	0	0	1	8	19054400	2665753721823226191
TIME	1	2048	512	universal	0	1	2	8	19248300	2665753721823226191
TIME	1	2048	512	universal	0	2	0	8	19004900	2665753721823226191
TIME	1	2048	512	universal	1	0	2	8	19309700	2665753721823226191
TIME	1	2048	512	universal	1	1	0	8	19094300	2665753721823226191
TIME	1	2048	512	universal	1	2	1	8	19125300	2665753721823226191
TIME	1	2048	512	universal	2	0	0	8	19196100	2665753721823226191
TIME	1	2048	512	universal	2	1	1	8	19279200	2665753721823226191
TIME	1	2048	512	universal	2	2	2	8	19431100	2665753721823226191
TIME	1	2048	512	universal	3	0	1	8	19435400	2665753721823226191
TIME	1	2048	512	universal	3	1	2	8	19103500	2665753721823226191
TIME	1	2048	512	universal	3	2	0	8	20097200	2665753721823226191
TIME	1	2048	512	universal	4	0	2	8	19009900	2665753721823226191
TIME	1	2048	512	universal	4	1	0	8	19203600	2665753721823226191
TIME	1	2048	512	universal	4	2	1	8	19067400	2665753721823226191
TIME	1	2048	512	universal	5	0	0	8	19017200	2665753721823226191
TIME	1	2048	512	universal	5	1	1	8	19110300	2665753721823226191
TIME	1	2048	512	universal	5	2	2	8	19116100	2665753721823226191
TIME	1	2048	512	universal	6	0	1	8	19433100	2665753721823226191
TIME	1	2048	512	universal	6	1	2	8	19235000	2665753721823226191
TIME	1	2048	512	universal	6	2	0	8	19017700	2665753721823226191
TIME	1	2048	512	universal	7	0	2	8	19308900	2665753721823226191
TIME	1	2048	512	universal	7	1	0	8	19035600	2665753721823226191
TIME	1	2048	512	universal	7	2	1	8	19040700	2665753721823226191
TIME	1	2048	512	universal	8	0	0	8	19141200	2665753721823226191
TIME	1	2048	512	universal	8	1	1	8	18996700	2665753721823226191
TIME	1	2048	512	universal	8	2	2	8	19516200	2665753721823226191
TIME	1	2048	512	repeated-source	0	0	1	8	760600	12029310139782295869
TIME	1	2048	512	repeated-source	0	1	2	8	744000	12029310139782295869
TIME	1	2048	512	repeated-source	0	2	0	8	739200	12029310139782295869
TIME	1	2048	512	repeated-source	1	0	2	8	1130200	12029310139782295869
TIME	1	2048	512	repeated-source	1	1	0	8	748800	12029310139782295869
TIME	1	2048	512	repeated-source	1	2	1	8	754900	12029310139782295869
TIME	1	2048	512	repeated-source	2	0	0	8	749700	12029310139782295869
TIME	1	2048	512	repeated-source	2	1	1	8	756500	12029310139782295869
TIME	1	2048	512	repeated-source	2	2	2	8	739200	12029310139782295869
TIME	1	2048	512	repeated-source	3	0	1	8	758300	12029310139782295869
TIME	1	2048	512	repeated-source	3	1	2	8	756300	12029310139782295869
TIME	1	2048	512	repeated-source	3	2	0	8	1707600	12029310139782295869
TIME	1	2048	512	repeated-source	4	0	2	8	754200	12029310139782295869
TIME	1	2048	512	repeated-source	4	1	0	8	736400	12029310139782295869
TIME	1	2048	512	repeated-source	4	2	1	8	761400	12029310139782295869
TIME	1	2048	512	repeated-source	5	0	0	8	732400	12029310139782295869
TIME	1	2048	512	repeated-source	5	1	1	8	1034900	12029310139782295869
TIME	1	2048	512	repeated-source	5	2	2	8	786200	12029310139782295869
TIME	1	2048	512	repeated-source	6	0	1	8	757900	12029310139782295869
TIME	1	2048	512	repeated-source	6	1	2	8	740500	12029310139782295869
TIME	1	2048	512	repeated-source	6	2	0	8	772700	12029310139782295869
TIME	1	2048	512	repeated-source	7	0	2	8	762600	12029310139782295869
TIME	1	2048	512	repeated-source	7	1	0	8	753500	12029310139782295869
TIME	1	2048	512	repeated-source	7	2	1	8	774700	12029310139782295869
TIME	1	2048	512	repeated-source	8	0	0	8	733300	12029310139782295869
TIME	1	2048	512	repeated-source	8	1	1	8	755600	12029310139782295869
TIME	1	2048	512	repeated-source	8	2	2	8	739100	12029310139782295869
