compiler,cohort,width,matched_cases_pair1,median_hybrid_over_pointer_pair1,matched_cases_pair2,median_hybrid_over_pointer_pair2,matched_cases_pooled,median_hybrid_over_pointer_pooled,min_pooled,max_pooled
dmd,dmd-0,31,24,0.988938,24,0.993686,48,0.989555,0.928227,1.038692
dmd,dmd-0,63,36,0.999119,36,0.999569,72,0.999119,0.942718,1.058771
dmd,dmd-0,64,36,1.015588,36,0.992121,72,1.005736,0.957800,1.045929
dmd,dmd-0,65,36,1.007396,36,1.015533,72,1.008452,0.936397,1.046788
dmd,dmd-0,256,24,1.037268,24,1.000253,48,1.025261,0.954086,1.077571
dmd,dmd-0,2048,24,1.028227,24,1.033376,48,1.032001,0.952796,1.101296
dmd,dmd-16,31,24,0.961246,24,1.037998,48,1.001686,0.927482,1.083044
dmd,dmd-16,63,36,1.042590,36,1.174637,72,1.073404,0.902575,1.293458
dmd,dmd-16,64,36,0.981933,36,1.062887,72,1.026549,0.927734,1.113366
dmd,dmd-16,65,36,0.985888,36,1.069770,72,1.022469,0.925347,1.114129
dmd,dmd-16,256,24,0.994910,24,1.081328,48,1.033435,0.946674,1.117705
dmd,dmd-16,2048,24,0.992181,24,1.097591,48,1.025779,0.903074,1.179241
dmd,dmd-24,31,24,1.762221,24,1.913637,48,1.831369,0.967733,2.143118
dmd,dmd-24,63,36,1.988257,36,2.032353,72,2.015467,0.980179,2.431530
dmd,dmd-24,64,36,1.020581,36,1.040754,72,1.033570,0.965228,1.100208
dmd,dmd-24,65,36,1.012521,36,1.041499,72,1.032392,0.948432,1.116417
dmd,dmd-24,256,24,1.021484,24,1.094599,48,1.041849,0.970684,1.131128
dmd,dmd-24,2048,24,1.023781,24,1.056345,48,1.042030,0.948792,1.160671
dmd,dmd-8,31,24,1.020272,24,1.016015,48,1.020272,0.929256,1.118173
dmd,dmd-8,63,36,1.023218,36,1.061729,72,1.032634,0.960756,1.123959
dmd,dmd-8,64,36,1.003465,36,1.042299,72,1.019215,0.966020,1.115463
dmd,dmd-8,65,36,0.996985,36,1.037912,72,1.008623,0.947045,1.116835
dmd,dmd-8,256,24,1.027236,24,1.009243,48,1.023610,0.928775,1.109814
dmd,dmd-8,2048,24,1.029531,24,0.987374,48,1.018706,0.906761,1.084311
dmd,dmd-native,31,24,1.380947,24,1.398908,48,1.384018,1.009328,1.524670
dmd,dmd-native,63,36,1.452275,36,1.468062,72,1.459771,1.018844,1.652938
dmd,dmd-native,64,36,1.057047,36,1.035706,72,1.045810,0.985571,1.120125
dmd,dmd-native,65,36,1.022994,36,1.050904,72,1.030286,0.979028,1.105775
dmd,dmd-native,256,24,1.063436,24,1.071443,48,1.064988,1.027746,1.110442
dmd,dmd-native,2048,24,1.055867,24,1.064289,48,1.056290,0.982389,1.166765
ldc2,ldc2-native,31,24,1.007587,24,0.930743,48,0.971967,0.874757,1.051088
ldc2,ldc2-native,63,36,1.018595,36,0.906727,72,0.981839,0.867362,1.070030
ldc2,ldc2-native,64,36,1.001187,36,0.905440,72,0.950572,0.851415,1.055305
ldc2,ldc2-native,65,36,1.001189,36,0.888308,72,0.959898,0.866821,1.039675
ldc2,ldc2-native,256,24,1.003293,24,0.938609,48,0.972670,0.906078,1.043151
ldc2,ldc2-native,2048,24,0.995705,24,0.929379,48,0.961176,0.801248,1.070813
