accuracy,positive,1024,496.97749316692352,496.97749316692352,496.97749316692352,496.97749316692352,496.97749316692352
timing,strict,positive,1024,0,32768,1.525099754,16284958.49609375
timing,lane4,positive,1024,0,32768,0.393838376,16284958.49609375
timing,lane8,positive,1024,0,32768,0.392432332,16284958.49609375
timing,fast,positive,1024,0,32768,0.106427163,16284958.49609375
timing,strict,positive,1024,1,32768,1.516187251,16284958.49609375
timing,lane4,positive,1024,1,32768,0.395637095,16284958.49609375
timing,lane8,positive,1024,1,32768,0.392097056,16284958.49609375
timing,fast,positive,1024,1,32768,0.106576413,16284958.49609375
timing,strict,positive,1024,2,32768,1.512927353,16284958.49609375
timing,lane4,positive,1024,2,32768,0.392233700,16284958.49609375
timing,lane8,positive,1024,2,32768,0.393408388,16284958.49609375
timing,fast,positive,1024,2,32768,0.107845306,16284958.49609375
timing,strict,positive,1024,3,32768,1.517053097,16284958.49609375
timing,lane4,positive,1024,3,32768,0.394020885,16284958.49609375
timing,lane8,positive,1024,3,32768,0.393570274,16284958.49609375
timing,fast,positive,1024,3,32768,0.106634319,16284958.49609375
timing,strict,positive,1024,4,32768,1.514031947,16284958.49609375
timing,lane4,positive,1024,4,32768,0.393875808,16284958.49609375
timing,lane8,positive,1024,4,32768,0.391829073,16284958.49609375
timing,fast,positive,1024,4,32768,0.106533200,16284958.49609375
timing,strict,positive,1024,5,32768,1.514158845,16284958.49609375
timing,lane4,positive,1024,5,32768,0.395769566,16284958.49609375
timing,lane8,positive,1024,5,32768,0.391713202,16284958.49609375
timing,fast,positive,1024,5,32768,0.106610179,16284958.49609375
timing,strict,positive,1024,6,32768,1.513040364,16284958.49609375
timing,lane4,positive,1024,6,32768,0.392408699,16284958.49609375
timing,lane8,positive,1024,6,32768,0.393355757,16284958.49609375
timing,fast,positive,1024,6,32768,0.106507152,16284958.49609375
accuracy,signed,1024,-30.045013666152954,-30.045013666152954,-30.045013666152954,-30.045013666152954,-30.045013666152954
timing,strict,signed,1024,0,32768,1.514137983,-984515.0078125
timing,lane4,signed,1024,0,32768,0.393748283,-984515.0078125
timing,lane8,signed,1024,0,32768,0.391750813,-984515.0078125
timing,fast,signed,1024,0,32768,0.106380880,-984515.0078125
timing,strict,signed,1024,1,32768,1.513398319,-984515.0078125
timing,lane4,signed,1024,1,32768,0.395469904,-984515.0078125
timing,lane8,signed,1024,1,32768,0.391670793,-984515.0078125
timing,fast,signed,1024,1,32768,0.106647462,-984515.0078125
timing,strict,signed,1024,2,32768,1.512255013,-984515.0078125
timing,lane4,signed,1024,2,32768,0.392320782,-984515.0078125
timing,lane8,signed,1024,2,32768,0.393627673,-984515.0078125
timing,fast,signed,1024,2,32768,0.106623828,-984515.0078125
timing,strict,signed,1024,3,32768,1.515363872,-984515.0078125
timing,lane4,signed,1024,3,32768,0.393771648,-984515.0078125
timing,lane8,signed,1024,3,32768,0.393617392,-984515.0078125
timing,fast,signed,1024,3,32768,0.106497496,-984515.0078125
timing,strict,signed,1024,4,32768,1.514011860,-984515.0078125
timing,lane4,signed,1024,4,32768,0.394374102,-984515.0078125
timing,lane8,signed,1024,4,32768,0.391838253,-984515.0078125
timing,fast,signed,1024,4,32768,0.106529176,-984515.0078125
timing,strict,signed,1024,5,32768,1.513969362,-984515.0078125
timing,lane4,signed,1024,5,32768,0.395270139,-984515.0078125
timing,lane8,signed,1024,5,32768,0.391760737,-984515.0078125
timing,fast,signed,1024,5,32768,0.106662154,-984515.0078125
timing,strict,signed,1024,6,32768,1.512344897,-984515.0078125
timing,lane4,signed,1024,6,32768,0.402251899,-984515.0078125
timing,lane8,signed,1024,6,32768,0.394322842,-984515.0078125
timing,fast,signed,1024,6,32768,0.106298149,-984515.0078125
accuracy,cancel,1024,512,1,0,0,512
timing,strict,cancel,1024,0,32768,1.513857216,32768
timing,lane4,cancel,1024,0,32768,0.399440974,0
timing,lane8,cancel,1024,0,32768,0.394303590,0
timing,fast,cancel,1024,0,32768,0.106508553,16777216
timing,strict,cancel,1024,1,32768,1.513477415,32768
timing,lane4,cancel,1024,1,32768,0.395965904,0
timing,lane8,cancel,1024,1,32768,0.392730266,0
timing,fast,cancel,1024,1,32768,0.107217908,16777216
timing,strict,cancel,1024,2,32768,1.514516503,32768
timing,lane4,cancel,1024,2,32768,0.398390591,0
timing,lane8,cancel,1024,2,32768,0.396970123,0
timing,fast,cancel,1024,2,32768,0.106507450,16777216
timing,strict,cancel,1024,3,32768,1.517476410,32768
timing,lane4,cancel,1024,3,32768,0.396611780,0
timing,lane8,cancel,1024,3,32768,0.395742923,0
timing,fast,cancel,1024,3,32768,0.107013166,16777216
timing,strict,cancel,1024,4,32768,1.517668039,32768
timing,lane4,cancel,1024,4,32768,0.396948159,0
timing,lane8,cancel,1024,4,32768,0.395050436,0
timing,fast,cancel,1024,4,32768,0.107388258,16777216
timing,strict,cancel,1024,5,32768,1.517469734,32768
timing,lane4,cancel,1024,5,32768,0.397513211,0
timing,lane8,cancel,1024,5,32768,0.393532574,0
timing,fast,cancel,1024,5,32768,0.108052045,16777216
timing,strict,cancel,1024,6,32768,1.515440881,32768
timing,lane4,cancel,1024,6,32768,0.395246029,0
timing,lane8,cancel,1024,6,32768,0.394922614,0
timing,fast,cancel,1024,6,32768,0.107507855,16777216
accuracy,positive,65536,32725.378717720509,32725.378717720509,32725.378717720509,32725.378717720509,32725.378717720509
timing,strict,positive,65536,0,512,1.549027026,16755393.9034729
timing,lane4,positive,65536,0,512,0.391996533,16755393.9034729
timing,lane8,positive,65536,0,512,0.392471045,16755393.9034729
timing,fast,positive,65536,0,512,0.118102044,16755393.9034729
timing,strict,positive,65536,1,512,1.548675686,16755393.9034729
timing,lane4,positive,65536,1,512,0.397847235,16755393.9034729
timing,lane8,positive,65536,1,512,0.394701540,16755393.9034729
timing,fast,positive,65536,1,512,0.117850035,16755393.9034729
timing,strict,positive,65536,2,512,1.548651904,16755393.9034729
timing,lane4,positive,65536,2,512,0.393534005,16755393.9034729
timing,lane8,positive,65536,2,512,0.392660260,16755393.9034729
timing,fast,positive,65536,2,512,0.118093401,16755393.9034729
timing,strict,positive,65536,3,512,1.548772752,16755393.9034729
timing,lane4,positive,65536,3,512,0.392091244,16755393.9034729
timing,lane8,positive,65536,3,512,0.392758250,16755393.9034729
timing,fast,positive,65536,3,512,0.117604136,16755393.9034729
timing,strict,positive,65536,4,512,1.548665345,16755393.9034729
timing,lane4,positive,65536,4,512,0.392125666,16755393.9034729
timing,lane8,positive,65536,4,512,0.397947997,16755393.9034729
timing,fast,positive,65536,4,512,0.117780238,16755393.9034729
timing,strict,positive,65536,5,512,1.551700592,16755393.9034729
timing,lane4,positive,65536,5,512,0.398067743,16755393.9034729
timing,lane8,positive,65536,5,512,0.417965680,16755393.9034729
timing,fast,positive,65536,5,512,0.120608211,16755393.9034729
timing,strict,positive,65536,6,512,1.551391631,16755393.9034729
timing,lane4,positive,65536,6,512,0.392953664,16755393.9034729
timing,lane8,positive,65536,6,512,0.395001531,16755393.9034729
timing,fast,positive,65536,6,512,0.119773775,16755393.9034729
accuracy,signed,65536,-85.242564558982849,-85.242564558982849,-85.242564558982849,-85.242564558982849,-85.242564558982849
timing,strict,signed,65536,0,512,1.548332512,-43644.193054199219
timing,lane4,signed,65536,0,512,0.392647475,-43644.193054199219
timing,lane8,signed,65536,0,512,0.392655820,-43644.193054199219
timing,fast,signed,65536,0,512,0.118239313,-43644.193054199219
timing,strict,signed,65536,1,512,1.550194860,-43644.193054199219
timing,lane4,signed,65536,1,512,0.391790837,-43644.193054199219
timing,lane8,signed,65536,1,512,0.392999887,-43644.193054199219
timing,fast,signed,65536,1,512,0.123521924,-43644.193054199219
timing,strict,signed,65536,2,512,1.549847811,-43644.193054199219
timing,lane4,signed,65536,2,512,0.392164022,-43644.193054199219
timing,lane8,signed,65536,2,512,0.392758399,-43644.193054199219
timing,fast,signed,65536,2,512,0.118215680,-43644.193054199219
timing,strict,signed,65536,3,512,1.548223257,-43644.193054199219
timing,lane4,signed,65536,3,512,0.391970247,-43644.193054199219
timing,lane8,signed,65536,3,512,0.392526180,-43644.193054199219
timing,fast,signed,65536,3,512,0.118266702,-43644.193054199219
timing,strict,signed,65536,4,512,1.552213341,-43644.193054199219
timing,lane4,signed,65536,4,512,0.391672313,-43644.193054199219
timing,lane8,signed,65536,4,512,0.392614841,-43644.193054199219
timing,fast,signed,65536,4,512,0.117718726,-43644.193054199219
timing,strict,signed,65536,5,512,1.548326194,-43644.193054199219
timing,lane4,signed,65536,5,512,0.392298460,-43644.193054199219
timing,lane8,signed,65536,5,512,0.393199950,-43644.193054199219
timing,fast,signed,65536,5,512,0.117662340,-43644.193054199219
timing,strict,signed,65536,6,512,1.574934751,-43644.193054199219
timing,lane4,signed,65536,6,512,0.392942905,-43644.193054199219
timing,lane8,signed,65536,6,512,0.392702341,-43644.193054199219
timing,fast,signed,65536,6,512,0.117673934,-43644.193054199219
accuracy,cancel,65536,32768,1,0,0,32768
timing,strict,cancel,65536,0,512,1.548492849,512
timing,lane4,cancel,65536,0,512,0.392773092,0
timing,lane8,cancel,65536,0,512,0.393853009,0
timing,fast,cancel,65536,0,512,0.119164586,16777216
timing,strict,cancel,65536,1,512,1.552001804,512
timing,lane4,cancel,65536,1,512,0.392578602,0
timing,lane8,cancel,65536,1,512,0.393426538,0
timing,fast,cancel,65536,1,512,0.117734402,16777216
timing,strict,cancel,65536,2,512,1.548089951,512
timing,lane4,cancel,65536,2,512,0.392374873,0
timing,lane8,cancel,65536,2,512,0.392996967,0
timing,fast,cancel,65536,2,512,0.117870837,16777216
timing,strict,cancel,65536,3,512,1.548201293,512
timing,lane4,cancel,65536,3,512,0.392797321,0
timing,lane8,cancel,65536,3,512,0.392622262,0
timing,fast,cancel,65536,3,512,0.117565751,16777216
timing,strict,cancel,65536,4,512,1.548739016,512
timing,lane4,cancel,65536,4,512,0.391671687,0
timing,lane8,cancel,65536,4,512,0.393278420,0
timing,fast,cancel,65536,4,512,0.117749393,16777216
timing,strict,cancel,65536,5,512,1.549137890,512
timing,lane4,cancel,65536,5,512,0.398931235,0
timing,lane8,cancel,65536,5,512,0.394247562,0
timing,fast,cancel,65536,5,512,0.117966980,16777216
timing,strict,cancel,65536,6,512,1.548328787,512
timing,lane4,cancel,65536,6,512,0.392267346,0
timing,lane8,cancel,65536,6,512,0.392993808,0
timing,fast,cancel,65536,6,512,0.117790818,16777216
accuracy,positive,1048576,524277.24189585447,524277.24189585447,524277.24189585447,524277.24189585447,524277.24189585447
timing,strict,positive,1048576,0,32,1.554370135,16776871.740667343
timing,lane4,positive,1048576,0,32,0.400641471,16776871.740667343
timing,lane8,positive,1048576,0,32,0.400464833,16776871.740667343
timing,fast,positive,1048576,0,32,0.133948088,16776871.740667343
timing,strict,positive,1048576,1,32,1.549310148,16776871.740667343
timing,lane4,positive,1048576,1,32,0.399331480,16776871.740667343
timing,lane8,positive,1048576,1,32,0.433464855,16776871.740667343
timing,fast,positive,1048576,1,32,0.134126037,16776871.740667343
timing,strict,positive,1048576,2,32,1.549425274,16776871.740667343
timing,lane4,positive,1048576,2,32,0.398889124,16776871.740667343
timing,lane8,positive,1048576,2,32,0.399199724,16776871.740667343
timing,fast,positive,1048576,2,32,0.132709682,16776871.740667343
timing,strict,positive,1048576,3,32,1.548998207,16776871.740667343
timing,lane4,positive,1048576,3,32,0.399987698,16776871.740667343
timing,lane8,positive,1048576,3,32,0.400070727,16776871.740667343
timing,fast,positive,1048576,3,32,0.134362280,16776871.740667343
timing,strict,positive,1048576,4,32,1.550370872,16776871.740667343
timing,lane4,positive,1048576,4,32,0.398985595,16776871.740667343
timing,lane8,positive,1048576,4,32,0.402027875,16776871.740667343
timing,fast,positive,1048576,4,32,0.134903163,16776871.740667343
timing,strict,positive,1048576,5,32,1.550720751,16776871.740667343
timing,lane4,positive,1048576,5,32,0.406766087,16776871.740667343
timing,lane8,positive,1048576,5,32,0.406386018,16776871.740667343
timing,fast,positive,1048576,5,32,0.134936452,16776871.740667343
timing,strict,positive,1048576,6,32,1.557492048,16776871.740667343
timing,lane4,positive,1048576,6,32,0.405954301,16776871.740667343
timing,lane8,positive,1048576,6,32,0.401786298,16776871.740667343
timing,fast,positive,1048576,6,32,0.134474754,16776871.740667343
accuracy,signed,1048576,-21.516208291053772,-21.516208291053772,-21.516208291053772,-21.516208291053772,-21.516208291053772
timing,strict,signed,1048576,0,32,1.558805436,-688.5186653137207
timing,lane4,signed,1048576,0,32,0.429092795,-688.5186653137207
timing,lane8,signed,1048576,0,32,0.407970726,-688.5186653137207
timing,fast,signed,1048576,0,32,0.146958947,-688.5186653137207
timing,strict,signed,1048576,1,32,1.561468542,-688.5186653137207
timing,lane4,signed,1048576,1,32,0.403375387,-688.5186653137207
timing,lane8,signed,1048576,1,32,0.411972225,-688.5186653137207
timing,fast,signed,1048576,1,32,0.138128400,-688.5186653137207
timing,strict,signed,1048576,2,32,1.558071822,-688.5186653137207
timing,lane4,signed,1048576,2,32,0.409388900,-688.5186653137207
timing,lane8,signed,1048576,2,32,0.407398432,-688.5186653137207
timing,fast,signed,1048576,2,32,0.150213867,-688.5186653137207
timing,strict,signed,1048576,3,32,1.550428003,-688.5186653137207
timing,lane4,signed,1048576,3,32,0.398673147,-688.5186653137207
timing,lane8,signed,1048576,3,32,0.402485281,-688.5186653137207
timing,fast,signed,1048576,3,32,0.133928537,-688.5186653137207
timing,strict,signed,1048576,4,32,1.550597519,-688.5186653137207
timing,lane4,signed,1048576,4,32,0.405777663,-688.5186653137207
timing,lane8,signed,1048576,4,32,0.400736630,-688.5186653137207
timing,fast,signed,1048576,4,32,0.135851175,-688.5186653137207
timing,strict,signed,1048576,5,32,1.631957531,-688.5186653137207
timing,lane4,signed,1048576,5,32,0.490229338,-688.5186653137207
timing,lane8,signed,1048576,5,32,0.465506822,-688.5186653137207
timing,fast,signed,1048576,5,32,0.198852658,-688.5186653137207
timing,strict,signed,1048576,6,32,1.676350474,-688.5186653137207
timing,lane4,signed,1048576,6,32,0.606439918,-688.5186653137207
timing,lane8,signed,1048576,6,32,0.607034862,-688.5186653137207
timing,fast,signed,1048576,6,32,0.202510834,-688.5186653137207
accuracy,cancel,1048576,524288,1,0,0,524288
timing,strict,cancel,1048576,0,32,1.616104990,32
timing,lane4,cancel,1048576,0,32,0.412244886,0
timing,lane8,cancel,1048576,0,32,0.408185989,0
timing,fast,cancel,1048576,0,32,0.138604194,16777216
timing,strict,cancel,1048576,1,32,1.558169514,32
timing,lane4,cancel,1048576,1,32,0.407539487,0
timing,lane8,cancel,1048576,1,32,0.408455610,0
timing,fast,cancel,1048576,1,32,0.141229987,16777216
timing,strict,cancel,1048576,2,32,1.556199551,32
timing,lane4,cancel,1048576,2,32,0.411431015,0
timing,lane8,cancel,1048576,2,32,0.402535021,0
timing,fast,cancel,1048576,2,32,0.141738057,16777216
timing,strict,cancel,1048576,3,32,1.554812133,32
timing,lane4,cancel,1048576,3,32,0.415413469,0
timing,lane8,cancel,1048576,3,32,0.474711955,0
timing,fast,cancel,1048576,3,32,0.139780581,16777216
timing,strict,cancel,1048576,4,32,1.618281573,32
timing,lane4,cancel,1048576,4,32,0.486870378,0
timing,lane8,cancel,1048576,4,32,0.532912374,0
timing,fast,cancel,1048576,4,32,0.244380146,16777216
timing,strict,cancel,1048576,5,32,1.665803850,32
timing,lane4,cancel,1048576,5,32,0.497351021,0
timing,lane8,cancel,1048576,5,32,0.532838136,0
timing,fast,cancel,1048576,5,32,0.180814475,16777216
timing,strict,cancel,1048576,6,32,1.614089459,32
timing,lane4,cancel,1048576,6,32,0.439179450,0
timing,lane8,cancel,1048576,6,32,0.561804652,0
timing,fast,cancel,1048576,6,32,0.200946927,16777216
accuracy,positive,16777216,8388139.7709274292,8388139.7709274292,8388139.7709274292,8388139.7709274292,8388139.7709274292
timing,strict,positive,16777216,0,8,1.592685752,67105118.167419434
timing,lane4,positive,16777216,0,8,0.551118612,67105118.167419434
timing,lane8,positive,16777216,0,8,0.602419451,67105118.167419434
timing,fast,positive,16777216,0,8,0.363129787,67105118.167419434
timing,strict,positive,16777216,1,8,1.624321625,67105118.167419434
timing,lane4,positive,16777216,1,8,0.557668857,67105118.167419434
timing,lane8,positive,16777216,1,8,0.523787715,67105118.167419434
timing,fast,positive,16777216,1,8,0.295292437,67105118.167419434
timing,strict,positive,16777216,2,8,1.597612225,67105118.167419434
timing,lane4,positive,16777216,2,8,0.499328278,67105118.167419434
timing,lane8,positive,16777216,2,8,0.665017754,67105118.167419434
timing,fast,positive,16777216,2,8,0.328880869,67105118.167419434
timing,strict,positive,16777216,3,8,1.592923604,67105118.167419434
timing,lane4,positive,16777216,3,8,0.505324021,67105118.167419434
timing,lane8,positive,16777216,3,8,0.511497103,67105118.167419434
timing,fast,positive,16777216,3,8,0.330215424,67105118.167419434
timing,strict,positive,16777216,4,8,1.595985748,67105118.167419434
timing,lane4,positive,16777216,4,8,0.510212846,67105118.167419434
timing,lane8,positive,16777216,4,8,0.510095850,67105118.167419434
timing,fast,positive,16777216,4,8,0.282207727,67105118.167419434
timing,strict,positive,16777216,5,8,1.592812702,67105118.167419434
timing,lane4,positive,16777216,5,8,0.503306597,67105118.167419434
timing,lane8,positive,16777216,5,8,0.507674783,67105118.167419434
timing,fast,positive,16777216,5,8,0.275426246,67105118.167419434
timing,strict,positive,16777216,6,8,1.593133174,67105118.167419434
timing,lane4,positive,16777216,6,8,0.500893183,67105118.167419434
timing,lane8,positive,16777216,6,8,0.512394212,67105118.167419434
timing,fast,positive,16777216,6,8,0.285274282,67105118.167419434
accuracy,signed,16777216,-936.45814514160156,-936.45814514160156,-936.45814514160156,-936.45814514160156,-936.45814514160156
timing,strict,signed,16777216,0,8,1.592334479,-7491.6651611328125
timing,lane4,signed,16777216,0,8,0.496519394,-7491.6651611328125
timing,lane8,signed,16777216,0,8,0.502989553,-7491.6651611328125
timing,fast,signed,16777216,0,8,0.269899502,-7491.6651611328125
timing,strict,signed,16777216,1,8,1.592867471,-7491.6651611328125
timing,lane4,signed,16777216,1,8,0.496032119,-7491.6651611328125
timing,lane8,signed,16777216,1,8,0.502821296,-7491.6651611328125
timing,fast,signed,16777216,1,8,0.271711513,-7491.6651611328125
timing,strict,signed,16777216,2,8,1.594421938,-7491.6651611328125
timing,lane4,signed,16777216,2,8,0.499572992,-7491.6651611328125
timing,lane8,signed,16777216,2,8,0.502488412,-7491.6651611328125
timing,fast,signed,16777216,2,8,0.271158688,-7491.6651611328125
timing,strict,signed,16777216,3,8,1.593720160,-7491.6651611328125
timing,lane4,signed,16777216,3,8,0.497643620,-7491.6651611328125
timing,lane8,signed,16777216,3,8,0.499328621,-7491.6651611328125
timing,fast,signed,16777216,3,8,0.275413908,-7491.6651611328125
timing,strict,signed,16777216,4,8,1.592157148,-7491.6651611328125
timing,lane4,signed,16777216,4,8,0.496207267,-7491.6651611328125
timing,lane8,signed,16777216,4,8,0.498697028,-7491.6651611328125
timing,fast,signed,16777216,4,8,0.268499270,-7491.6651611328125
timing,strict,signed,16777216,5,8,1.591268331,-7491.6651611328125
timing,lane4,signed,16777216,5,8,0.494203031,-7491.6651611328125
timing,lane8,signed,16777216,5,8,0.499298550,-7491.6651611328125
timing,fast,signed,16777216,5,8,0.270846508,-7491.6651611328125
timing,strict,signed,16777216,6,8,1.591682822,-7491.6651611328125
timing,lane4,signed,16777216,6,8,0.496359318,-7491.6651611328125
timing,lane8,signed,16777216,6,8,0.500045858,-7491.6651611328125
timing,fast,signed,16777216,6,8,0.268707901,-7491.6651611328125
accuracy,cancel,16777216,8388608,1,0,0,8388608
timing,strict,cancel,16777216,0,8,1.595491730,8
timing,lane4,cancel,16777216,0,8,0.498591632,0
timing,lane8,cancel,16777216,0,8,0.511759140,0
timing,fast,cancel,16777216,0,8,0.272634812,67108864
timing,strict,cancel,16777216,1,8,1.590960421,8
timing,lane4,cancel,16777216,1,8,0.497120693,0
timing,lane8,cancel,16777216,1,8,0.501775451,0
timing,fast,cancel,16777216,1,8,0.271742664,67108864
timing,strict,cancel,16777216,2,8,1.592491120,8
timing,lane4,cancel,16777216,2,8,0.500882074,0
timing,lane8,cancel,16777216,2,8,0.498648860,0
timing,fast,cancel,16777216,2,8,0.269198835,67108864
timing,strict,cancel,16777216,3,8,1.595433228,8
timing,lane4,cancel,16777216,3,8,0.498960242,0
timing,lane8,cancel,16777216,3,8,0.558506824,0
timing,fast,cancel,16777216,3,8,0.272298895,67108864
timing,strict,cancel,16777216,4,8,1.592103451,8
timing,lane4,cancel,16777216,4,8,0.494915374,0
timing,lane8,cancel,16777216,4,8,0.497788444,0
timing,fast,cancel,16777216,4,8,0.270589136,67108864
timing,strict,cancel,16777216,5,8,1.592306040,8
timing,lane4,cancel,16777216,5,8,0.503515661,0
timing,lane8,cancel,16777216,5,8,0.503270447,0
timing,fast,cancel,16777216,5,8,0.273390681,67108864
timing,strict,cancel,16777216,6,8,1.592506208,8
timing,lane4,cancel,16777216,6,8,0.497459896,0
timing,lane8,cancel,16777216,6,8,0.502369665,0
timing,fast,cancel,16777216,6,8,0.272317782,67108864
